Rk,Player,Pos,Age,Tm,G,GS,MP,FG,FGA,FG%,3P,3PA,3P%,2P,2PA,2P%,eFG%,FT,FTA,FT%,ORB,DRB,TRB,AST,STL,BLK,TOV,PF,PTS,Player-additional
,,,,,,,,,,,,,,,,,,,,,,,,,,,,,,-9999
1,Precious Achiuwa,C,23,TOR,12,0,20.4,3.0,7.7,.391,0.4,2.3,.179,2.6,5.3,.484,.418,2.3,2.8,.848,2.0,5.0,7.0,1.3,0.2,0.6,1.3,1.6,8.8,achiupr01
2,Steven Adams,C,29,MEM,31,31,26.5,3.5,6.0,.591,0.0,0.0,.000,3.5,6.0,.595,.591,0.8,2.6,.325,4.9,5.6,10.5,2.2,0.8,1.1,1.9,2.3,7.9,adamsst01
3,Bam Adebayo,C,25,MIA,32,32,35.1,8.3,15.5,.532,0.0,0.3,.100,8.2,15.2,.541,.533,4.4,5.3,.833,2.6,7.2,9.8,3.2,1.0,0.7,3.1,3.2,20.9,adebaba01
4,Ochai Agbaji,SG,22,UTA,16,0,7.9,1.1,2.6,.405,0.3,1.3,.238,0.8,1.3,.571,.464,0.3,0.6,.444,0.4,0.7,1.1,0.2,0.1,0.0,0.0,0.8,2.7,agbajoc01
5,Santi Aldama,PF,22,MEM,33,16,23.3,3.4,7.2,.475,1.3,3.5,.379,2.1,3.6,.567,.568,1.5,2.0,.716,1.2,4.0,5.2,1.3,0.7,0.9,0.6,2.3,9.6,aldamsa01
6,Nickeil Alexander-Walker,SG,24,UTA,26,2,15.5,2.5,5.1,.489,1.1,2.7,.420,1.4,2.5,.563,.598,0.7,1.0,.731,0.3,1.3,1.6,2.3,0.7,0.4,1.3,1.7,6.8,alexani01
7,Grayson Allen,SG,27,MIL,32,30,27.4,3.3,7.5,.440,1.8,4.5,.386,1.6,3.0,.521,.556,1.8,2.0,.921,1.0,2.6,3.6,2.4,0.7,0.2,1.1,1.4,10.2,allengr01
8,Jarrett Allen,C,24,CLE,29,29,33.5,5.6,8.9,.625,0.0,0.1,.000,5.6,8.8,.635,.625,2.9,3.9,.735,3.0,7.2,10.2,1.4,0.8,1.2,1.5,2.2,14.0,allenja01
9,Jose Alvarado,PG,24,NOP,34,7,20.6,3.3,7.8,.421,1.4,4.1,.340,1.9,3.7,.512,.511,1.0,1.4,.745,0.5,1.8,2.3,3.0,1.4,0.1,1.4,2.1,9.0,alvarjo01
10,Kyle Anderson,PF,29,MIN,26,11,24.3,2.7,5.5,.483,0.4,1.1,.345,2.3,4.4,.518,.517,1.6,2.0,.774,0.5,3.6,4.1,3.4,1.1,0.8,1.4,2.0,7.3,anderky01
11,Giannis Antetokounmpo,PF,28,MIL,30,30,33.7,11.5,21.5,.533,0.8,3.0,.253,10.7,18.5,.578,.550,8.4,13.0,.645,2.3,9.6,11.8,5.2,0.9,0.9,3.8,3.6,32.1,antetgi01
12,Thanasis Antetokounmpo,SF,30,MIL,16,0,4.3,0.2,0.4,.500,0.0,0.1,.000,0.2,0.3,.600,.500,0.1,0.1,.500,0.3,0.6,0.9,0.2,0.1,0.2,0.3,0.3,0.4,antetth01
13,Cole Anthony,PG,22,ORL,19,3,26.3,4.5,10.3,.439,1.3,3.8,.347,3.2,6.5,.492,.503,2.5,2.8,.906,0.5,4.1,4.5,4.4,0.8,0.4,1.7,3.3,12.9,anthoco01
14,OG Anunoby,SF,25,TOR,32,32,36.7,6.9,14.5,.476,1.8,5.0,.358,5.1,9.5,.538,.538,3.1,3.7,.838,1.4,4.4,5.8,2.2,2.2,0.8,2.5,3.0,18.7,anunoog01
15,Ryan Arcidiacono,PG,28,NYK,8,0,2.8,0.1,0.6,.200,0.1,0.4,.333,0.0,0.3,.000,.300,0.0,0.0,,0.0,0.5,0.5,0.3,0.3,0.0,0.1,0.3,0.4,arcidry01
16,Deni Avdija,SF,22,WAS,35,29,26.0,3.0,6.9,.428,0.9,3.1,.308,2.0,3.9,.522,.496,1.3,1.7,.797,0.9,4.7,5.5,2.7,0.8,0.7,1.5,3.1,8.2,avdijde01
17,Deandre Ayton,C,24,PHO,33,33,29.1,7.7,12.6,.609,0.2,0.5,.389,7.5,12.1,.619,.618,2.1,2.8,.731,3.0,6.6,9.6,1.9,0.5,0.8,2.1,2.9,17.7,aytonde01
18,Udoka Azubuike,C,23,UTA,15,0,4.2,0.8,0.9,.857,0.0,0.0,,0.8,0.9,.857,.857,0.1,0.4,.333,0.7,1.1,1.8,0.3,0.1,0.2,0.2,0.3,1.7,azubuud01
19,Marvin Bagley III,PF,23,DET,23,13,21.5,4.3,7.9,.544,0.4,1.3,.300,3.9,6.6,.592,.569,1.6,2.0,.783,2.1,3.8,5.9,0.6,0.6,0.7,0.9,2.0,10.6,baglema01
20,Patrick Baldwin Jr.,SF,20,GSW,10,0,8.0,1.7,3.7,.459,1.3,2.9,.448,0.4,0.8,.500,.635,0.1,0.2,.500,0.0,1.4,1.4,0.2,0.4,0.0,0.3,0.1,4.8,baldwpa01
21,LaMelo Ball,PG,21,CHO,12,12,34.2,8.7,20.3,.428,4.2,11.1,.376,4.5,9.2,.491,.531,2.3,2.7,.844,1.2,4.7,5.8,7.7,1.1,0.3,3.2,3.6,23.8,ballla01
22,Mo Bamba,C,24,ORL,30,5,18.9,3.0,5.9,.503,1.1,2.9,.379,1.9,3.0,.622,.596,1.0,1.5,.689,1.3,4.1,5.3,1.1,0.3,1.1,0.7,2.3,8.1,bambamo01
23,Paolo Banchero,PF,20,ORL,30,30,34.1,6.9,15.8,.435,1.2,3.9,.308,5.7,11.9,.476,.473,6.0,7.9,.755,1.1,5.5,6.7,3.9,0.9,0.6,3.0,2.4,20.9,banchpa01
24,Desmond Bane,SG,24,MEM,16,16,31.7,7.2,16.5,.436,3.2,8.0,.398,4.0,8.5,.471,.532,4.4,4.8,.922,0.4,4.1,4.5,3.9,0.6,0.3,1.9,2.8,22.0,banede01
25,Dalano Banton,PG,23,TOR,22,2,10.1,2.0,4.7,.423,0.6,2.0,.302,1.4,2.8,.508,.486,0.6,0.8,.824,0.4,1.0,1.5,1.2,0.5,0.5,0.6,1.1,5.2,bantoda01
26,Dominick Barlow,SF,19,SAS,4,0,6.5,0.8,1.8,.429,0.0,0.8,.000,0.8,1.0,.750,.429,1.0,1.0,1.000,0.5,0.3,0.8,0.8,0.3,0.0,0.0,0.8,2.5,barlodo01
27,Harrison Barnes,PF,30,SAC,34,34,31.5,4.2,9.0,.466,1.1,3.8,.300,3.1,5.2,.588,.529,4.0,5.0,.805,1.0,4.3,5.3,1.8,0.9,0.1,1.2,1.4,13.6,barneha02
28,Scottie Barnes,PF,21,TOR,33,32,33.9,5.9,13.2,.445,1.0,3.3,.296,4.9,9.9,.494,.482,1.8,2.3,.766,2.1,4.8,6.9,4.6,1.0,0.7,2.2,1.8,14.5,barnesc01
29,RJ Barrett,SG,22,NYK,35,35,34.1,6.9,16.1,.427,1.8,5.3,.332,5.1,10.8,.474,.481,4.2,5.5,.762,0.9,4.6,5.5,3.0,0.5,0.2,2.4,2.4,19.7,barrerj01
30,Will Barton,SG,32,WAS,32,0,21.7,2.9,7.8,.371,1.4,3.7,.370,1.5,4.0,.372,.460,0.9,1.1,.800,0.2,2.7,2.9,2.7,0.5,0.3,1.2,1.1,8.0,bartowi01
31,Charles Bassey,C,22,SAS,23,1,13.6,2.0,3.0,.671,0.1,0.3,.333,2.0,2.8,.703,.686,0.7,1.0,.667,1.9,3.3,5.2,1.2,0.3,1.0,1.1,2.1,4.9,bassech01
32,Keita Bates-Diop,SF,27,SAS,28,10,17.8,2.9,5.6,.522,0.5,1.3,.351,2.5,4.3,.575,.564,1.2,1.5,.810,1.2,1.7,2.9,0.8,0.6,0.1,0.8,0.8,7.5,bateske01
33,Nicolas Batum,PF,34,LAC,37,5,21.1,2.1,4.8,.444,1.6,3.8,.418,0.5,1.0,.541,.610,0.4,0.7,.615,0.9,3.5,4.4,1.4,0.6,0.8,0.7,2.0,6.3,batumni01
34,Darius Bazley,PF,22,OKC,23,1,16.6,2.1,4.9,.438,0.5,1.4,.364,1.6,3.4,.468,.491,0.9,1.8,.488,0.9,2.8,3.7,1.0,0.5,1.1,0.6,1.2,5.7,bazleda01
35,Bradley Beal,SG,29,WAS,23,23,34.5,8.9,16.8,.527,1.6,4.6,.343,7.3,12.3,.596,.574,4.2,4.9,.858,0.9,2.7,3.6,5.2,1.0,0.6,2.8,1.9,23.5,bealbr01
36,Malik Beasley,SG,26,UTA,38,5,27.1,5.1,12.5,.408,3.2,8.6,.369,1.9,4.0,.490,.534,0.7,0.9,.818,0.6,3.1,3.7,1.5,0.9,0.2,1.0,1.3,14.1,beaslma01
37,MarJon Beauchamp,SF,22,MIL,24,8,14.6,2.2,5.3,.409,1.1,3.1,.351,1.1,2.2,.491,.512,0.6,0.9,.714,0.9,1.6,2.5,0.5,0.5,0.1,1.0,1.7,6.0,beaucma01
38,Dāvis Bertāns,PF,30,DAL,17,0,10.1,1.5,3.8,.406,1.2,3.2,.382,0.3,0.5,.556,.570,0.6,0.7,.833,0.2,0.7,0.9,0.2,0.2,0.1,0.2,1.2,4.9,bertada01
39,Patrick Beverley,PG,34,LAL,29,29,27.0,2.1,5.3,.392,1.1,3.4,.327,1.0,1.9,.509,.497,0.9,1.1,.806,0.6,3.0,3.6,2.7,0.9,0.5,0.9,2.8,6.1,beverpa01
40,Saddiq Bey,SF,23,DET,34,18,28.4,4.4,11.1,.398,1.7,5.4,.322,2.7,5.8,.469,.476,3.3,3.9,.836,1.0,3.2,4.2,1.6,0.9,0.2,1.1,1.6,13.9,beysa01
41,Khem Birch,C,30,TOR,20,0,8.1,1.0,1.6,.594,0.1,0.1,.500,0.9,1.5,.600,.609,0.2,0.3,.800,0.4,0.9,1.3,0.4,0.3,0.3,0.4,1.2,2.2,birchkh01
42,Goga Bitadze,C,23,IND,17,0,9.9,1.5,2.6,.568,0.2,0.7,.250,1.3,1.9,.688,.602,0.5,1.1,.500,1.0,1.2,2.2,0.9,0.4,0.5,0.6,1.8,3.6,bitadgo01
43,Bismack Biyombo,C,30,PHO,30,4,13.7,1.6,2.8,.578,0.0,0.0,,1.6,2.8,.578,.578,0.4,1.3,.342,1.1,2.6,3.7,0.9,0.3,1.4,1.0,2.0,3.6,biyombi01
44,Buddy Boeheim,PG,23,DET,1,0,1.0,0.0,0.0,,0.0,0.0,,0.0,0.0,,,0.0,0.0,,0.0,0.0,0.0,0.0,0.0,0.0,0.0,0.0,0.0,boehebu01
45,Bogdan Bogdanović,SG,30,ATL,13,3,30.2,6.3,14.6,.432,3.5,8.8,.404,2.8,5.8,.474,.553,1.2,1.5,.800,0.2,3.5,3.8,2.3,0.7,0.3,1.5,1.2,17.4,bogdabo01
46,Bojan Bogdanović,PF,33,DET,37,37,31.2,6.8,14.2,.475,2.4,5.9,.402,4.4,8.3,.528,.559,4.8,5.3,.893,0.5,3.1,3.6,2.5,0.6,0.1,2.4,1.8,20.6,bogdabo02
47,Bol Bol,PF,23,ORL,37,32,26.1,4.9,8.4,.588,0.7,1.8,.388,4.2,6.6,.643,.630,1.4,1.9,.739,1.3,5.8,7.1,0.9,0.5,1.6,1.9,1.5,12.0,bolbo01
48,Leandro Bolmaro,SG,22,UTA,10,0,5.8,0.3,1.6,.188,0.0,0.3,.000,0.3,1.3,.231,.188,0.0,0.0,,0.3,0.1,0.4,0.6,0.3,0.1,0.7,0.7,0.6,bolmale01
49,Devin Booker,SG,26,PHO,29,29,34.6,9.8,20.4,.477,2.3,6.2,.370,7.4,14.2,.524,.534,5.3,6.2,.850,0.8,3.8,4.6,5.6,0.9,0.4,2.4,2.7,27.1,bookede01
50,Brandon Boston Jr.,SG,21,LAC,13,0,9.5,1.8,4.7,.377,0.6,1.4,.444,1.2,3.3,.349,.443,1.2,1.5,.789,0.2,0.8,1.0,0.7,0.2,0.0,0.4,0.7,5.3,bostobr01
51,Chris Boucher,PF,30,TOR,31,0,22.2,3.6,7.8,.461,0.8,2.8,.279,2.8,5.0,.561,.510,2.4,3.1,.760,2.1,3.9,6.0,0.5,0.7,0.7,0.6,2.4,10.3,bouchch01
52,James Bouknight,SG,22,CHO,23,0,14.8,1.7,5.2,.336,0.7,2.7,.258,1.0,2.5,.421,.403,0.7,1.0,.682,0.2,1.9,2.1,1.2,0.5,0.2,0.8,1.3,4.8,bouknja01
53,Tony Bradley,C,25,CHI,9,0,2.8,0.4,0.8,.571,0.2,0.4,.500,0.2,0.3,.667,.714,0.2,0.2,1.000,0.1,1.0,1.1,0.1,0.1,0.0,0.1,0.1,1.3,bradlto01
54,Malaki Branham,SF,19,SAS,21,4,18.2,2.5,6.0,.424,1.0,3.1,.318,1.5,2.8,.542,.508,0.7,0.8,.824,0.2,1.3,1.5,1.6,0.4,0.1,1.0,1.3,6.7,branhma01
55,Christian Braun,SG,21,DEN,32,1,14.5,1.4,3.1,.460,0.4,1.1,.343,1.1,2.0,.523,.520,0.3,0.7,.524,0.6,1.4,2.1,0.6,0.3,0.2,0.4,1.2,3.6,braunch01
56,Mikal Bridges,SF,26,PHO,37,37,36.2,5.8,12.6,.465,1.8,4.6,.398,4.0,7.9,.503,.538,2.2,2.5,.891,1.0,3.5,4.5,3.0,1.1,0.9,1.3,2.3,15.7,bridgmi01
57,Oshae Brissett,SF,24,IND,31,0,16.0,1.9,4.3,.433,0.9,2.5,.364,1.0,1.8,.526,.537,1.6,2.3,.681,0.7,2.5,3.2,0.5,0.7,0.2,0.6,1.3,6.2,brissos01
58,Malcolm Brogdon,PG,30,BOS,30,0,23.5,4.6,9.7,.478,1.7,4.0,.433,2.9,5.7,.509,.567,2.3,2.7,.863,0.8,3.3,4.1,3.8,0.5,0.3,1.8,1.4,13.3,brogdma01
59,Dillon Brooks,SG,27,MEM,31,31,30.7,6.5,15.8,.412,2.3,6.5,.353,4.2,9.3,.453,.485,2.3,2.9,.791,0.7,2.8,3.5,2.8,0.8,0.1,1.8,3.3,17.6,brookdi01
60,Bruce Brown,PG,26,DEN,34,18,29.4,4.3,8.8,.493,1.3,3.2,.398,3.1,5.6,.547,.565,0.9,1.2,.780,0.9,3.3,4.1,4.0,0.9,0.6,1.6,2.6,10.9,brownbr01
61,Greg Brown III,PF,21,POR,10,0,6.7,0.8,1.9,.421,0.1,0.5,.200,0.7,1.4,.500,.447,0.2,0.8,.250,0.2,0.9,1.1,0.0,0.4,0.5,0.5,0.8,1.9,browngr01
62,Jaylen Brown,SF,26,BOS,34,34,35.8,10.1,20.6,.492,2.5,7.6,.331,7.6,13.0,.586,.553,4.3,5.4,.802,1.2,6.1,7.2,3.4,1.2,0.4,3.1,2.7,27.0,brownja02
63,Kendall Brown,SG,19,IND,6,0,6.7,0.7,1.2,.571,0.0,0.2,.000,0.7,1.0,.667,.571,0.2,0.3,.500,0.3,0.7,1.0,0.5,0.7,0.0,0.3,1.5,1.5,brownke03
64,Moses Brown,C,23,LAC,26,1,6.5,1.3,2.2,.625,0.0,0.0,,1.3,2.2,.625,.625,0.9,1.8,.489,1.2,1.7,2.9,0.1,0.1,0.4,0.3,0.9,3.6,brownmo01
65,Troy Brown Jr.,SF,23,LAL,33,17,22.3,2.5,5.6,.435,1.0,2.9,.351,1.4,2.7,.528,.527,0.6,0.6,1.000,0.8,3.1,3.8,0.7,0.7,0.1,0.8,1.4,6.5,browntr01
66,Jalen Brunson,PG,26,NYK,34,34,32.5,7.3,15.8,.460,1.5,4.2,.366,5.7,11.6,.494,.508,4.1,4.8,.870,0.4,2.8,3.2,6.6,1.1,0.1,2.0,2.4,20.2,brunsja01
67,Thomas Bryant,C,25,LAL,22,10,20.1,4.4,6.5,.678,0.6,1.2,.481,3.8,5.3,.724,.724,1.9,2.7,.695,1.4,4.7,6.1,1.0,0.4,0.5,0.8,2.0,11.3,bryanth01
68,Reggie Bullock,SF,31,DAL,34,23,28.1,1.7,5.1,.343,1.4,4.3,.317,0.4,0.8,.481,.477,0.4,0.6,.714,0.4,2.9,3.3,1.0,0.7,0.1,0.5,2.2,5.3,bullore01
69,Alec Burks,SG,31,DET,25,0,21.3,4.3,9.1,.474,2.1,4.6,.452,2.2,4.5,.496,.588,3.3,4.2,.790,0.2,2.5,2.8,2.0,0.8,0.1,1.2,2.3,14.0,burksal01
70,Jimmy Butler,SF,33,MIA,23,23,34.9,7.4,14.0,.528,0.7,2.0,.340,6.7,12.0,.560,.553,6.3,7.6,.829,2.0,4.7,6.7,5.8,2.1,0.3,1.7,1.5,21.8,butleji01
71,John Butler,C,20,POR,4,0,3.8,0.3,0.8,.333,0.0,0.5,.000,0.3,0.3,1.000,.333,0.0,0.0,,0.3,0.3,0.5,0.3,0.0,0.3,0.0,0.0,0.5,butlejo01
72,Jamal Cain,SF,23,MIA,9,0,11.2,1.8,3.3,.533,0.1,0.7,.167,1.7,2.7,.625,.550,0.6,0.9,.625,0.8,1.6,2.3,0.6,0.6,0.0,0.2,1.1,4.2,cainja01
73,Kentavious Caldwell-Pope,SG,29,DEN,34,34,31.6,4.1,8.7,.478,2.1,4.5,.471,2.0,4.2,.486,.600,1.2,1.4,.816,0.5,2.6,3.1,2.2,1.2,0.4,1.2,2.1,11.6,caldwke01
74,Facundo Campazzo,PG,31,DAL,8,0,6.5,0.4,1.6,.231,0.4,1.4,.273,0.0,0.3,.000,.346,0.1,0.3,.500,0.0,0.3,0.3,1.1,0.8,0.0,0.4,0.4,1.3,campafa01
75,Vlatko Čančar,PF,25,DEN,24,0,12.3,1.8,3.4,.531,1.0,1.9,.522,0.8,1.5,.543,.679,0.3,0.4,.889,0.3,1.3,1.7,1.1,0.3,0.2,0.7,1.3,4.9,cancavl01
76,Clint Capela,C,28,ATL,27,27,27.5,5.4,8.6,.636,0.0,0.0,,5.4,8.6,.636,.636,1.1,1.9,.600,4.3,7.6,11.9,0.7,0.6,1.3,1.0,2.4,12.0,capelca01
77,Vernon Carey Jr.,C,21,WAS,4,0,1.8,0.0,0.5,.000,0.0,0.0,,0.0,0.5,.000,.000,0.0,0.0,,0.0,0.8,0.8,0.3,0.0,0.0,0.3,0.5,0.0,careyve01
78,Jevon Carter,PG,27,MIL,35,27,25.4,2.8,6.7,.419,1.4,3.5,.397,1.5,3.3,.443,.521,0.6,0.7,.870,0.6,2.3,3.0,3.1,1.2,0.5,1.4,2.1,7.6,carteje01
79,Wendell Carter Jr.,C,23,ORL,18,15,30.8,5.7,10.9,.520,1.2,3.4,.339,4.5,7.4,.604,.574,3.5,4.5,.778,2.2,6.2,8.4,3.1,0.5,0.4,2.4,2.9,16.0,cartewe01
80,Alex Caruso,PG,28,CHI,31,14,24.8,1.8,4.0,.448,0.9,2.2,.391,0.9,1.8,.518,.556,0.9,1.2,.763,0.4,2.4,2.8,3.6,1.6,0.7,1.4,2.3,5.4,carusal01
81,Julian Champagnie,SF,21,PHI,2,0,3.5,0.0,1.0,.000,0.0,0.5,.000,0.0,0.5,.000,.000,0.0,0.0,,0.0,0.0,0.0,0.0,0.5,0.0,0.0,0.0,0.0,champju02
82,Justin Champagnie,SF,21,TOR,3,0,3.7,1.0,1.0,1.000,0.0,0.0,,1.0,1.0,1.000,1.000,0.0,0.0,,0.3,1.0,1.3,0.3,0.0,0.0,0.0,0.3,2.0,champju01
83,Kennedy Chandler,PG,20,MEM,15,0,10.3,1.3,3.4,.392,0.1,0.8,.167,1.2,2.6,.462,.412,0.3,0.6,.444,0.2,1.3,1.5,2.3,0.5,0.3,0.9,0.5,3.1,chandke01
84,Max Christie,SG,19,LAL,19,0,12.6,1.0,2.8,.358,0.7,1.8,.412,0.3,1.0,.263,.491,0.3,0.3,.833,0.3,2.0,2.3,0.5,0.2,0.1,0.3,0.6,3.0,chrisma02
85,Josh Christopher,SG,21,HOU,20,0,6.9,1.1,2.7,.415,0.2,0.7,.214,1.0,2.0,.487,.443,0.3,0.4,.750,0.3,0.8,1.1,0.6,0.3,0.1,0.6,0.7,2.7,chrisjo01
86,Brandon Clarke,PF,26,MEM,34,3,19.5,4.1,6.3,.654,0.0,0.2,.167,4.1,6.1,.668,.657,1.8,2.4,.744,1.4,4.1,5.5,1.1,0.4,0.7,1.1,2.3,10.1,clarkbr01
87,Jordan Clarkson,SG,30,UTA,37,37,32.5,7.4,16.6,.442,2.6,7.5,.354,4.7,9.1,.515,.522,3.1,3.8,.827,1.1,2.8,3.9,4.5,0.5,0.3,2.8,1.9,20.5,clarkjo01
88,Nic Claxton,C,23,BRK,32,32,28.1,5.3,7.2,.743,0.0,0.0,.000,5.3,7.2,.747,.743,1.3,2.7,.460,2.5,6.0,8.5,1.4,0.8,2.4,1.2,2.8,11.9,claxtni01
89,Amir Coffey,SG,25,LAC,29,7,13.9,1.2,3.0,.391,0.3,0.9,.346,0.9,2.1,.410,.443,1.1,1.4,.805,0.4,0.8,1.1,1.2,0.2,0.1,0.4,1.1,3.8,coffeam01
90,John Collins,PF,25,ATL,28,28,30.3,4.9,9.8,.495,0.7,3.1,.227,4.1,6.7,.620,.531,2.0,2.5,.803,1.2,6.6,7.8,1.3,0.8,1.3,1.3,3.3,12.5,collijo01
91,Zach Collins,PF,25,SAS,24,6,20.8,3.4,6.2,.544,0.6,1.7,.350,2.8,4.5,.615,.591,1.4,2.0,.694,2.0,3.8,5.8,2.5,0.4,1.0,2.2,3.6,8.8,colliza01
92,Mike Conley,PG,35,UTA,27,26,29.1,3.3,8.8,.380,1.8,5.1,.358,1.5,3.7,.410,.483,1.4,1.9,.731,0.4,1.8,2.2,7.5,1.1,0.2,1.7,2.3,9.9,conlemi01
93,Pat Connaughton,SG,30,MIL,19,3,20.3,2.3,6.9,.336,1.5,5.2,.296,0.8,1.7,.455,.447,0.6,0.9,.647,0.5,3.1,3.6,0.9,0.5,0.2,0.5,1.3,6.7,connapa01
94,Robert Covington,PF,32,LAC,20,0,15.6,1.9,4.9,.381,1.0,3.1,.311,0.9,1.8,.500,.479,0.7,0.9,.824,0.5,3.1,3.6,1.2,0.5,0.7,0.8,2.0,5.4,covinro01
95,Torrey Craig,SF,32,PHO,34,26,25.0,3.2,6.8,.478,1.4,3.6,.405,1.8,3.2,.560,.585,0.5,0.7,.783,2.0,3.4,5.4,1.5,0.7,0.7,0.7,2.5,8.4,craigto01
96,Jarrett Culver,SG,23,ATL,10,1,13.7,1.7,4.3,.395,0.1,1.2,.083,1.6,3.1,.516,.407,0.9,1.3,.692,1.0,2.8,3.8,0.6,0.6,0.2,0.7,1.4,4.4,culveja01
97,Cade Cunningham,PG,21,DET,12,12,33.3,7.8,18.7,.415,1.4,5.1,.279,6.3,13.6,.466,.453,3.0,3.6,.837,1.0,5.2,6.2,6.0,0.8,0.6,3.3,2.8,19.9,cunnica01
98,Seth Curry,SG,32,BRK,23,0,21.1,3.0,7.0,.429,1.5,3.9,.389,1.5,3.1,.479,.537,0.7,0.8,.944,0.2,1.7,2.0,2.2,0.6,0.2,1.0,1.9,8.3,curryse01
99,Stephen Curry,PG,34,GSW,26,26,34.4,10.1,20.2,.500,5.0,11.6,.434,5.0,8.5,.590,.625,4.8,5.2,.919,0.6,6.0,6.6,6.8,1.0,0.3,3.1,2.1,30.0,curryst01
100,Dyson Daniels,PG,19,NOP,26,5,19.8,1.8,4.0,.466,0.6,1.5,.400,1.2,2.4,.508,.544,0.6,0.9,.625,0.7,2.8,3.5,2.2,0.8,0.3,0.9,2.0,4.9,daniedy01
101,Anthony Davis,C,29,LAL,25,25,33.4,10.2,17.2,.594,0.4,1.2,.290,9.8,15.9,.618,.605,6.6,8.0,.826,3.1,9.0,12.1,2.6,1.3,2.1,1.9,2.7,27.4,davisan02
102,Johnny Davis,SG,20,WAS,10,0,5.0,0.4,1.3,.308,0.0,0.3,.000,0.4,1.0,.400,.308,0.3,0.3,1.000,0.1,0.6,0.7,0.2,0.0,0.1,0.1,1.2,1.1,davisjo06
103,Terence Davis,SG,25,SAC,27,2,13.4,2.5,5.8,.436,1.4,3.9,.362,1.1,1.9,.588,.558,0.5,0.6,.824,0.4,2.1,2.6,1.3,0.7,0.3,0.9,2.0,7.0,daviste02
104,JD Davison,PG,20,BOS,3,0,2.7,0.3,1.3,.250,0.0,0.7,.000,0.3,0.7,.500,.250,0.0,0.0,,0.0,0.3,0.3,0.3,0.3,0.0,0.3,0.0,0.7,davisjd01
105,Dewayne Dedmon,C,33,MIA,26,0,12.2,2.4,4.7,.508,0.4,1.4,.306,2.0,3.3,.593,.553,1.2,1.6,.714,1.0,2.7,3.7,0.6,0.2,0.5,0.7,2.0,6.3,dedmode01
106,Matthew Dellavedova,PG,32,SAC,14,0,7.1,0.5,1.6,.304,0.2,0.7,.300,0.3,0.9,.308,.370,0.1,0.2,.333,0.1,0.3,0.4,1.4,0.4,0.0,0.4,0.9,1.3,dellama01
107,DeMar DeRozan,SF,33,CHI,35,35,35.9,9.3,18.3,.511,0.4,1.4,.286,8.9,16.9,.530,.522,7.3,8.2,.885,0.5,4.7,5.2,5.0,0.9,0.4,1.9,2.7,26.3,derozde01
108,Moussa Diabaté,PF,21,LAC,8,1,11.3,1.6,3.0,.542,0.0,0.0,,1.6,3.0,.542,.542,0.9,1.1,.778,2.5,1.5,4.0,0.3,0.4,0.1,0.6,1.3,4.1,diabamo01
109,Mamadi Diakite,PF,26,CLE,11,2,7.5,0.9,1.9,.476,0.4,1.1,.333,0.5,0.8,.667,.571,0.0,0.0,,0.3,0.7,1.0,0.2,0.2,0.5,0.5,1.0,2.2,diakima01
110,Hamidou Diallo,SG,24,DET,30,0,14.4,2.5,4.9,.507,0.1,0.5,.200,2.4,4.4,.541,.517,1.5,2.4,.611,0.9,1.9,2.9,0.9,0.6,0.2,0.8,2.0,6.6,diallha01
111,Gorgui Dieng,C,33,SAS,12,1,11.8,1.5,3.7,.409,0.8,2.6,.290,0.8,1.1,.692,.511,0.3,0.3,.750,1.0,2.3,3.3,1.8,0.1,0.4,1.0,1.8,4.0,dienggo01
112,Ousmane Dieng,SF,19,OKC,14,0,15.7,1.8,4.2,.424,0.7,2.4,.294,1.1,1.8,.600,.508,0.1,0.3,.250,0.4,2.4,2.9,1.4,0.4,0.3,0.5,0.9,4.4,diengou01
113,Spencer Dinwiddie,PG,29,DAL,35,35,32.7,5.7,12.3,.465,2.7,6.5,.419,3.0,5.7,.517,.577,2.3,2.7,.840,0.4,2.8,3.3,5.2,0.9,0.3,1.6,2.3,16.4,dinwisp01
114,Donte DiVincenzo,SG,26,GSW,27,8,22.4,2.4,6.2,.395,1.6,4.2,.381,0.9,2.0,.426,.524,0.7,0.9,.833,0.9,3.6,4.4,2.9,1.3,0.1,1.3,2.0,7.2,divindo01
115,Luka Dončić,PG,23,DAL,33,33,36.9,11.4,22.5,.507,2.9,8.1,.358,8.5,14.4,.591,.571,8.0,10.8,.741,1.0,7.8,8.8,8.9,1.7,0.6,3.7,2.9,33.7,doncilu01
116,Tyler Dorsey,SG,26,DAL,3,0,2.7,1.3,1.7,.800,0.3,0.7,.500,1.0,1.0,1.000,.900,0.0,0.0,,0.3,0.3,0.7,0.0,0.0,0.0,0.0,0.0,3.0,dorsety01
117,Luguentz Dort,SG,23,OKC,34,34,30.5,4.8,11.7,.406,1.7,5.3,.330,3.0,6.5,.468,.480,2.6,3.4,.761,1.4,2.7,4.1,2.4,1.0,0.3,1.6,3.3,13.9,dortlu01
118,Ayo Dosunmu,PG,23,CHI,33,25,26.7,3.8,7.7,.498,0.9,2.8,.333,2.9,4.8,.594,.559,0.8,1.0,.818,0.7,2.5,3.2,2.7,0.7,0.4,1.3,2.5,9.4,dosunay01
119,Devon Dotson,PG,23,WAS,6,0,8.8,0.2,1.7,.100,0.2,0.7,.250,0.0,1.0,.000,.150,0.0,0.0,,1.0,0.7,1.7,1.3,0.8,0.0,0.5,1.5,0.5,dotsode01
120,Jeff Dowtin,PG,25,TOR,11,0,7.6,1.1,2.1,.522,0.1,0.4,.250,1.0,1.7,.579,.543,0.3,0.3,1.000,0.4,0.7,1.1,1.0,0.2,0.1,0.2,0.4,2.5,dowtije01
121,Goran Dragić,PG,36,CHI,33,0,17.1,3.1,7.0,.439,1.2,2.9,.396,1.9,4.1,.470,.522,0.7,1.1,.639,0.4,1.2,1.5,2.8,0.2,0.1,1.2,1.5,8.0,dragigo01
122,Andre Drummond,C,29,CHI,28,0,14.2,2.7,4.7,.568,0.0,0.1,.000,2.7,4.6,.577,.568,1.0,1.7,.604,2.3,5.0,7.3,0.8,0.7,0.4,1.2,2.0,6.4,drumman01
123,Chris Duarte,SF,25,IND,15,5,18.2,2.7,7.4,.360,1.2,3.8,.316,1.5,3.6,.407,.441,0.9,1.1,.765,0.3,1.7,2.1,1.3,0.2,0.3,0.9,1.7,7.4,duartch01
124,David Duke Jr.,SG,23,BRK,14,0,9.0,1.4,3.1,.442,0.0,0.4,.000,1.4,2.6,.514,.442,0.3,0.6,.500,0.4,0.6,1.1,0.9,0.4,0.1,0.9,1.6,3.0,dukeda01
125,Kevin Durant,PF,34,BRK,34,34,36.4,10.6,19.0,.560,1.8,4.8,.370,8.9,14.2,.624,.607,6.8,7.4,.928,0.4,6.6,6.9,5.4,0.8,1.5,3.5,2.5,29.9,duranke01
126,Jalen Duren,C,19,DET,35,11,24.5,3.2,5.1,.626,0.0,0.0,.000,3.2,5.1,.629,.626,1.1,1.9,.567,3.4,5.2,8.6,1.0,0.5,0.8,1.2,2.6,7.5,durenja01
127,Tari Eason,PF,21,HOU,35,0,18.8,3.1,7.3,.430,0.8,2.1,.384,2.3,5.2,.448,.484,1.3,1.6,.839,2.0,3.2,5.1,0.8,1.1,0.5,0.9,2.2,8.4,easonta01
128,Anthony Edwards,SG,21,MIN,36,36,36.9,8.6,18.4,.464,2.6,7.0,.367,6.0,11.5,.523,.533,4.0,5.5,.732,0.7,5.4,6.1,4.4,1.8,0.6,3.3,2.8,23.7,edwaran01
129,Kessler Edwards,SF,22,BRK,13,1,5.7,0.5,1.7,.273,0.2,0.8,.182,0.3,0.8,.364,.318,0.1,0.2,.500,0.5,0.6,1.1,0.2,0.2,0.1,0.3,0.2,1.2,edwarke02
130,Keon Ellis,SG,23,SAC,3,0,3.0,0.0,0.3,.000,0.0,0.3,.000,0.0,0.0,,.000,0.0,0.0,,0.0,0.7,0.7,0.3,0.0,0.0,0.0,0.7,0.0,elliske01
131,Joel Embiid,C,28,PHI,26,26,35.7,11.3,21.2,.534,1.1,3.2,.341,10.2,18.0,.567,.559,10.2,11.9,.852,1.8,7.9,9.7,4.3,1.2,1.6,3.8,3.3,33.8,embiijo01
132,Drew Eubanks,C,25,POR,33,5,18.3,2.5,3.4,.748,0.1,0.1,.667,2.5,3.3,.750,.757,0.8,1.2,.650,1.5,2.7,4.2,1.0,0.5,1.0,0.8,2.0,5.9,eubandr01
133,Bruno Fernando,C,24,HOU,18,3,10.8,1.6,2.8,.580,0.0,0.1,.000,1.6,2.7,.592,.580,0.8,1.3,.625,1.5,2.0,3.5,1.0,0.3,0.7,0.6,2.2,4.1,fernabr01
134,Dorian Finney-Smith,PF,29,DAL,31,31,31.6,3.0,7.5,.401,1.9,5.4,.345,1.1,2.1,.547,.526,0.5,0.8,.640,1.4,2.6,4.0,1.2,1.0,0.5,0.9,1.9,8.4,finnedo01
135,Malachi Flynn,PG,24,TOR,24,1,15.9,2.4,6.0,.393,1.4,3.3,.418,1.0,2.8,.364,.507,0.5,0.6,.800,0.4,1.3,1.8,1.5,0.4,0.1,0.6,1.5,6.6,flynnma01
136,Simone Fontecchio,SF,27,UTA,21,0,9.0,1.3,3.4,.375,0.9,2.4,.353,0.4,1.0,.429,.500,0.4,0.7,.643,0.5,0.7,1.1,0.4,0.1,0.2,0.5,0.9,3.9,fontesi01
137,Bryn Forbes,SG,29,MIN,21,0,10.6,1.1,3.3,.333,0.4,1.7,.250,0.7,1.6,.424,.399,0.6,0.6,1.000,0.2,0.4,0.6,0.6,0.3,0.0,0.4,0.8,3.2,forbebr01
138,Trent Forrest,PG,24,ATL,15,3,14.1,1.5,3.1,.478,0.0,0.1,.000,1.5,2.9,.500,.478,0.1,0.2,.667,0.3,1.4,1.7,1.9,0.4,0.1,0.5,0.9,3.1,forretr01
139,Michael Foster Jr.,PF,20,PHI,1,0,1.0,0.0,0.0,,0.0,0.0,,0.0,0.0,,,0.0,0.0,,0.0,0.0,0.0,0.0,0.0,0.0,0.0,0.0,0.0,fostemi02
140,Evan Fournier,SG,30,NYK,14,7,19.8,2.5,6.9,.365,1.4,4.3,.333,1.1,2.6,.417,.469,0.8,0.9,.846,0.1,1.9,2.1,1.6,0.8,0.2,1.1,2.0,7.2,fournev01
141,De'Aaron Fox,PG,25,SAC,31,31,32.7,8.7,17.3,.503,1.7,5.1,.340,7.0,12.2,.571,.553,4.4,5.6,.787,0.4,4.3,4.7,5.9,0.9,0.4,2.6,2.6,23.6,foxde01
142,Markelle Fultz,SG,24,ORL,16,16,26.9,4.7,10.4,.452,0.6,1.6,.360,4.1,8.8,.468,.479,1.4,2.1,.667,1.3,2.8,4.1,5.3,1.6,0.3,2.2,2.3,11.3,fultzma01
143,Wenyen Gabriel,PF,25,LAL,27,2,14.4,2.3,3.7,.604,0.2,0.6,.375,2.0,3.1,.647,.634,1.0,1.3,.765,1.6,2.4,4.0,0.5,0.4,0.5,0.7,2.0,5.7,gabriwe01
144,Daniel Gafford,C,24,WAS,37,6,15.8,2.9,3.9,.750,0.0,0.0,,2.9,3.9,.750,.750,1.2,2.0,.608,1.8,2.8,4.6,0.5,0.4,1.2,0.9,2.0,7.1,gaffoda01
145,Darius Garland,PG,23,CLE,30,30,35.9,7.4,16.4,.450,2.5,6.2,.400,4.9,10.2,.480,.525,4.1,4.8,.867,0.4,2.2,2.6,7.8,1.3,0.2,3.2,2.0,21.3,garlada01
146,Usman Garuba,PF,20,HOU,33,1,14.7,1.3,2.5,.506,0.3,0.5,.500,1.0,2.0,.508,.560,0.5,0.9,.517,2.0,3.0,5.0,1.1,0.8,0.5,0.7,1.6,3.3,garubus01
147,Luka Garza,C,24,MIN,8,0,5.5,1.4,2.3,.611,0.0,0.5,.000,1.4,1.8,.786,.611,1.1,1.3,.900,0.6,0.8,1.4,0.5,0.0,0.0,0.3,1.1,3.9,garzalu01
148,Rudy Gay,SF,36,UTA,24,0,15.7,1.7,4.9,.342,0.6,2.6,.226,1.1,2.3,.473,.402,0.5,0.6,.733,0.6,2.5,3.1,0.7,0.5,0.4,0.6,1.3,4.4,gayru01
149,Paul George,SF,32,LAC,27,27,34.4,8.1,18.1,.450,3.0,7.8,.379,5.2,10.3,.504,.532,4.4,5.0,.881,0.6,5.4,6.1,5.3,1.5,0.5,3.5,2.7,23.7,georgpa01
150,Taj Gibson,PF,37,WAS,23,1,9.0,1.3,2.5,.534,0.1,0.6,.231,1.2,2.0,.622,.560,0.7,0.9,.750,0.5,1.0,1.6,0.5,0.4,0.3,0.5,1.8,3.5,gibsota01
151,Josh Giddey,SG,20,OKC,30,30,30.8,6.3,13.6,.462,1.0,3.0,.326,5.3,10.7,.500,.498,1.2,1.6,.766,1.8,6.3,8.1,5.5,0.7,0.5,3.2,2.0,14.8,giddejo01
152,Shai Gilgeous-Alexander,SG,24,OKC,32,32,35.8,10.5,20.8,.505,1.0,2.9,.351,9.5,17.9,.530,.529,9.3,10.2,.920,0.8,4.0,4.8,5.8,1.7,1.1,3.3,2.7,31.4,gilgesh01
153,Anthony Gill,PF,30,WAS,29,4,10.3,1.1,1.9,.574,0.1,0.5,.143,1.0,1.4,.725,.593,0.5,0.6,.824,0.5,0.9,1.4,0.5,0.2,0.2,0.2,1.2,2.7,gillan01
154,Rudy Gobert,C,30,MIN,30,30,31.4,5.3,7.9,.667,0.0,0.1,.000,5.3,7.8,.675,.667,3.2,4.7,.683,3.5,8.4,12.0,0.9,0.8,1.3,1.6,3.1,13.8,goberru01
155,Jordan Goodwin,PG,24,WAS,28,3,20.2,2.9,6.0,.473,0.7,1.8,.392,2.1,4.2,.508,.533,0.9,1.2,.727,1.1,2.8,3.9,2.9,1.1,0.5,1.0,1.8,7.3,goodwjo01
156,Aaron Gordon,PF,27,DEN,30,30,30.1,6.7,11.0,.608,1.0,2.6,.385,5.7,8.4,.677,.653,2.9,4.6,.642,2.3,4.3,6.6,2.1,0.9,0.8,1.6,1.8,17.3,gordoaa01
157,Eric Gordon,SG,34,HOU,29,29,29.7,3.8,9.4,.404,1.8,5.3,.340,2.0,4.1,.487,.500,1.8,2.2,.828,0.3,1.8,2.0,2.4,0.6,0.3,1.7,0.8,11.2,gordoer01
158,Devonte' Graham,PG,27,NOP,35,0,15.1,1.6,4.3,.368,1.3,3.5,.355,0.3,0.8,.429,.513,0.9,1.1,.800,0.3,1.3,1.6,2.1,0.4,0.2,0.5,0.7,5.4,grahade01
159,Jerami Grant,PF,28,POR,33,33,36.1,7.4,15.3,.484,2.6,5.9,.439,4.8,9.3,.513,.569,4.6,5.8,.788,1.0,3.4,4.4,2.8,0.8,0.8,1.9,2.3,22.0,grantje01
160,A.J. Green,SG,23,MIL,13,0,7.0,1.2,2.3,.500,0.8,1.8,.458,0.3,0.5,.667,.683,0.3,0.3,1.000,0.2,0.6,0.8,0.4,0.1,0.0,0.2,1.2,3.5,greenaj01
161,Draymond Green,PF,32,GSW,33,33,30.9,3.2,6.3,.512,0.6,1.8,.328,2.6,4.5,.588,.560,0.9,1.3,.721,0.8,5.8,6.6,6.6,0.7,0.8,2.4,2.9,8.0,greendr01
162,Jalen Green,SG,20,HOU,35,35,34.4,7.3,17.5,.419,2.3,7.2,.324,5.0,10.3,.485,.485,4.6,5.8,.789,0.6,3.8,4.4,3.6,0.8,0.2,2.9,1.5,21.6,greenja05
163,JaMychal Green,PF,32,GSW,28,1,14.9,2.3,4.5,.512,0.5,1.8,.265,1.8,2.7,.671,.564,0.8,1.1,.733,1.4,2.6,4.0,0.8,0.5,0.4,1.1,2.0,5.8,greenja01
164,Javonte Green,SG,29,CHI,27,1,16.0,2.1,3.7,.576,0.4,1.2,.375,1.7,2.5,.672,.636,1.0,1.4,.684,0.9,2.0,2.9,0.8,0.8,0.7,0.7,1.7,5.6,greenja02
165,Jeff Green,PF,36,DEN,24,3,19.3,2.8,5.4,.527,0.3,1.3,.267,2.5,4.1,.606,.558,1.5,2.1,.686,0.9,1.9,2.8,1.1,0.4,0.3,1.0,1.8,7.5,greenje02
166,Josh Green,SG,22,DAL,25,1,20.3,2.4,4.1,.583,1.0,2.2,.444,1.4,2.0,.735,.699,1.3,1.8,.711,0.9,1.4,2.3,1.2,0.9,0.0,0.7,2.5,7.0,greenjo02
167,AJ Griffin,SF,19,ATL,32,10,21.8,4.2,9.0,.464,1.7,4.6,.372,2.5,4.4,.560,.559,0.4,0.5,.875,0.7,1.7,2.3,1.1,1.0,0.1,0.8,1.3,10.5,griffaj01
168,Blake Griffin,PF,33,BOS,15,8,15.3,1.9,3.9,.500,0.5,1.6,.333,1.4,2.3,.618,.569,1.0,1.4,.714,1.0,2.9,3.9,1.2,0.3,0.1,0.4,2.1,5.4,griffbl01
169,Quentin Grimes,SG,22,NYK,25,20,27.4,3.3,7.4,.451,1.8,4.8,.367,1.6,2.6,.609,.571,1.2,1.6,.795,0.9,2.5,3.4,2.0,0.7,0.5,1.2,3.0,9.6,grimequ01
170,Rui Hachimura,PF,24,WAS,21,0,24.0,5.2,10.2,.514,0.8,2.5,.321,4.4,7.7,.578,.554,1.7,2.2,.783,0.8,4.1,4.9,1.1,0.3,0.4,1.3,1.2,13.0,hachiru01
171,Tyrese Haliburton,PG,22,IND,34,34,33.4,7.4,15.4,.482,3.1,7.6,.411,4.3,7.9,.551,.583,2.8,3.1,.879,0.7,3.1,3.7,10.2,1.7,0.4,2.6,1.1,20.8,halibty01
172,Jordan Hall,SF,21,SAS,9,0,9.2,1.0,3.1,.321,0.3,1.7,.200,0.7,1.4,.462,.375,0.8,1.0,.778,0.3,1.0,1.3,1.2,0.1,0.0,0.8,0.7,3.1,halljo02
173,R.J. Hampton,PG,21,ORL,24,0,14.0,1.9,4.5,.430,0.7,2.0,.347,1.2,2.4,.500,.509,1.2,1.4,.848,0.4,1.1,1.5,1.4,0.7,0.2,0.8,0.8,5.7,hamptrj01
174,Tim Hardaway Jr.,SG,30,DAL,34,17,27.7,4.4,11.8,.374,2.8,7.9,.352,1.6,3.9,.420,.493,2.0,2.5,.779,0.3,2.8,3.1,1.7,0.9,0.1,0.9,1.5,13.6,hardati02
175,James Harden,SG,33,PHI,20,20,38.1,6.7,15.2,.438,2.8,7.4,.374,3.9,7.9,.497,.528,5.9,6.6,.886,0.5,5.8,6.2,11.1,1.5,0.6,3.9,2.1,21.9,hardeja01
176,Jaden Hardy,SG,20,DAL,11,0,7.1,1.4,4.0,.341,0.2,1.4,.133,1.2,2.6,.448,.364,0.8,0.8,1.000,0.0,1.0,1.0,0.3,0.1,0.2,0.4,1.1,3.7,hardyja02
177,Ron Harper Jr.,SF,22,TOR,2,0,4.0,1.0,2.0,.500,1.0,1.5,.667,0.0,0.5,.000,.750,0.0,0.0,,0.0,0.5,0.5,0.0,0.0,0.0,0.0,0.0,3.0,harpero02
178,Montrezl Harrell,C,29,PHI,30,5,11.3,1.7,3.1,.553,0.0,0.1,.000,1.7,3.1,.565,.553,1.3,1.9,.714,0.9,1.7,2.6,0.6,0.3,0.4,0.6,1.2,4.8,harremo01
179,Gary Harris,SG,28,ORL,9,3,23.9,3.6,7.0,.508,1.4,3.3,.433,2.1,3.7,.576,.611,1.1,1.1,1.000,0.6,1.9,2.4,1.6,0.6,0.2,1.1,1.9,9.7,harriga01
180,Joe Harris,SG,31,BRK,29,18,25.7,3.1,7.3,.425,1.9,5.0,.382,1.2,2.3,.515,.554,0.4,0.6,.706,0.4,2.4,2.8,1.7,0.6,0.3,0.6,2.5,8.5,harrijo01
181,Kevon Harris,SG,25,ORL,26,0,12.6,1.2,2.9,.421,0.4,1.1,.393,0.8,1.8,.438,.493,0.8,1.0,.815,0.8,1.2,2.0,0.5,0.5,0.1,0.6,1.3,3.7,harrike01
182,Tobias Harris,PF,30,PHI,31,31,34.5,6.4,13.0,.494,2.1,5.4,.395,4.3,7.6,.564,.576,1.6,1.8,.875,0.9,5.2,6.1,2.7,1.2,0.5,1.4,2.2,16.5,harrito02
183,Josh Hart,SG,27,POR,33,33,34.8,3.7,7.3,.513,0.7,2.0,.354,3.0,5.3,.571,.560,1.8,2.4,.738,2.1,6.5,8.5,4.0,1.2,0.1,1.7,2.8,9.9,hartjo01
184,Isaiah Hartenstein,C,24,NYK,36,7,19.7,2.4,4.7,.512,0.2,0.9,.258,2.2,3.8,.569,.536,0.6,0.8,.793,2.8,3.8,6.6,0.8,0.6,0.8,0.9,2.4,5.6,harteis01
185,Udonis Haslem,PF,42,MIA,5,1,7.2,0.2,2.0,.100,0.0,0.2,.000,0.2,1.8,.111,.100,0.2,0.4,.500,0.6,0.6,1.2,0.0,0.2,0.2,0.0,1.4,0.6,hasleud01
186,Sam Hauser,PF,25,BOS,36,0,15.6,2.1,4.8,.448,1.7,4.1,.409,0.4,0.6,.696,.625,0.2,0.3,.636,0.4,2.1,2.6,0.8,0.3,0.2,0.3,1.3,6.2,hausesa01
187,Jaxson Hayes,C,22,NOP,15,1,12.0,1.3,2.6,.513,0.1,0.9,.077,1.3,1.7,.731,.526,1.1,1.6,.708,0.5,2.1,2.6,0.8,0.3,0.3,0.5,0.9,3.9,hayesja02
188,Killian Hayes,PG,21,DET,37,24,25.5,3.6,9.5,.381,1.1,3.4,.323,2.5,6.2,.412,.438,0.8,1.0,.806,0.4,2.5,2.9,5.3,1.1,0.4,1.8,3.0,9.1,hayeski01
189,Gordon Hayward,SF,32,CHO,19,19,33.2,5.5,12.5,.439,1.2,3.9,.311,4.3,8.6,.497,.487,2.4,3.2,.767,0.9,4.1,5.1,4.0,0.9,0.2,2.2,1.1,14.6,haywago01
190,Juancho Hernangómez,PF,27,TOR,25,10,18.0,1.6,3.5,.466,0.6,2.0,.280,1.1,1.5,.711,.545,0.2,0.4,.455,0.9,2.8,3.7,0.7,0.5,0.2,0.5,1.2,4.0,hernaju01
191,Willy Hernangómez,C,28,NOP,17,0,10.7,1.9,3.8,.508,0.1,0.4,.167,1.9,3.5,.542,.515,2.2,2.7,.804,1.4,2.5,3.9,0.9,0.3,0.4,1.3,1.5,6.1,hernawi01
192,Tyler Herro,SG,23,MIA,28,28,35.3,7.5,16.8,.450,3.3,8.4,.396,4.2,8.4,.504,.549,2.8,3.0,.917,0.5,5.4,6.0,4.6,1.0,0.4,2.5,1.7,21.1,herroty01
193,Buddy Hield,SG,30,IND,36,36,31.7,6.4,14.0,.461,3.8,8.9,.427,2.6,5.1,.522,.597,1.2,1.4,.857,0.9,3.8,4.7,2.6,0.9,0.3,2.0,2.0,17.9,hieldbu01
194,Haywood Highsmith,SF,26,MIA,25,3,19.5,1.7,4.4,.391,0.7,2.1,.340,1.0,2.3,.439,.473,0.2,0.6,.375,1.0,2.7,3.7,0.8,1.0,0.4,0.8,1.3,4.4,highsha01
195,George Hill,PG,36,MIL,30,0,20.0,1.7,3.9,.427,0.6,2.1,.297,1.0,1.8,.585,.509,1.1,1.5,.727,0.4,1.7,2.1,2.6,0.5,0.1,0.9,1.2,5.0,hillge01
196,Malcolm Hill,SF,27,CHI,3,0,0.3,0.0,0.0,,0.0,0.0,,0.0,0.0,,,0.0,0.0,,0.0,0.3,0.3,0.0,0.0,0.0,0.0,0.0,0.0,hillma01
197,Aaron Holiday,PG,26,ATL,32,3,17.0,1.8,4.3,.434,0.7,1.6,.440,1.2,2.7,.430,.515,0.6,0.7,.826,0.5,1.0,1.5,1.6,0.7,0.2,0.7,1.7,5.0,holidaa01
198,Jrue Holiday,PG,32,MIL,26,25,33.1,7.0,15.5,.453,2.2,6.1,.365,4.8,9.4,.510,.525,2.6,2.9,.893,1.3,4.0,5.3,7.5,1.5,0.5,3.3,2.0,18.9,holidjr01
199,Justin Holiday,SG,33,ATL,26,0,15.4,1.8,4.7,.380,1.1,3.2,.345,0.7,1.4,.459,.500,0.0,0.0,,0.1,0.8,0.8,0.9,0.2,0.4,0.5,1.3,4.7,holidju01
200,Richaun Holmes,PF,29,SAC,20,0,9.6,1.4,2.1,.667,0.1,0.2,.667,1.3,2.0,.667,.690,0.4,0.5,.778,0.8,1.4,2.1,0.2,0.2,0.2,0.3,1.6,3.3,holmeri01
201,Al Horford,C,36,BOS,27,27,30.8,3.7,7.4,.500,2.1,4.8,.450,1.6,2.6,.592,.645,0.2,0.3,.625,1.0,5.3,6.3,2.6,0.4,1.1,0.6,1.9,9.7,horfoal01
202,Talen Horton-Tucker,SG,22,UTA,32,1,15.6,2.5,6.6,.382,0.6,2.7,.233,1.9,3.9,.484,.429,1.0,1.3,.744,0.5,2.0,2.5,2.3,0.8,0.3,1.2,1.3,6.7,hortota01
203,Danuel House Jr.,SF,29,PHI,28,2,17.0,1.7,3.4,.495,0.7,2.0,.345,1.0,1.4,.700,.595,0.9,1.1,.750,0.3,1.7,2.0,0.8,0.2,0.3,0.5,1.4,4.9,houseda01
204,Caleb Houstan,SF,20,ORL,25,1,17.8,1.4,3.6,.385,1.0,2.6,.364,0.4,1.0,.440,.516,0.4,0.5,.846,0.7,1.7,2.4,0.6,0.2,0.1,0.4,1.6,4.2,houstca01
205,Trevor Hudgins,PG,23,HOU,1,0,4.0,1.0,1.0,1.000,1.0,1.0,1.000,0.0,0.0,,1.500,0.0,0.0,,0.0,0.0,0.0,0.0,0.0,0.0,0.0,0.0,3.0,hudgitr01
206,Kevin Huerter,SG,24,SAC,33,33,31.2,5.6,11.6,.484,2.9,7.0,.422,2.7,4.6,.579,.611,1.5,2.2,.694,0.6,2.6,3.2,2.8,1.1,0.3,1.5,2.6,15.7,huertke01
207,De'Andre Hunter,SF,25,ATL,28,28,30.7,5.4,12.0,.448,1.4,4.0,.354,3.9,7.9,.495,.507,2.8,3.4,.823,0.6,3.4,4.1,1.2,0.4,0.2,1.3,2.9,15.0,huntede01
208,Bones Hyland,PG,22,DEN,27,1,20.9,4.4,11.2,.394,2.4,6.1,.402,2.0,5.1,.384,.503,1.8,2.1,.845,0.3,1.8,2.1,3.4,0.6,0.3,1.8,1.7,13.1,hylanbo01
209,Serge Ibaka,PF,33,MIL,15,0,11.3,1.6,3.1,.511,0.4,1.0,.400,1.2,2.1,.563,.574,0.5,0.9,.615,0.9,1.9,2.8,0.3,0.0,0.4,0.5,1.3,4.1,ibakase01
210,Joe Ingles,SF,35,MIL,6,0,18.7,1.8,5.7,.324,1.3,4.7,.286,0.5,1.0,.500,.441,0.5,0.5,1.000,0.8,1.2,2.0,2.8,0.3,0.0,2.3,1.7,5.5,inglejo01
211,Brandon Ingram,SF,25,NOP,15,15,32.1,7.3,15.4,.472,1.9,4.0,.467,5.4,11.4,.474,.532,4.4,5.1,.868,0.5,4.6,5.1,4.7,0.9,0.7,2.8,2.2,20.8,ingrabr01
212,Kyrie Irving,PG,30,BRK,25,25,36.7,9.6,19.8,.488,3.0,8.4,.362,6.6,11.4,.581,.565,3.8,4.2,.913,0.8,4.1,4.9,4.7,0.7,0.9,2.4,2.8,26.1,irvinky01
213,Jaden Ivey,SG,20,DET,34,33,30.2,5.3,12.8,.416,1.4,4.3,.317,4.0,8.5,.466,.469,3.5,4.8,.735,1.1,3.1,4.1,4.1,1.0,0.3,2.6,3.0,15.5,iveyja01
214,Isaiah Jackson,PF,21,IND,29,3,15.6,2.5,4.6,.553,0.0,0.2,.167,2.5,4.3,.571,.557,1.7,2.5,.694,1.4,2.7,4.1,1.0,0.5,1.1,0.9,2.3,6.8,jacksis01
215,Jaren Jackson Jr.,C,23,MEM,18,18,25.3,5.6,11.3,.490,1.5,4.3,.346,4.1,7.0,.579,.556,3.3,4.3,.766,1.9,4.1,6.1,0.7,1.0,3.0,1.5,2.8,15.9,jacksja02
216,Justin Jackson,SF,27,BOS,14,0,4.6,0.2,1.0,.214,0.2,0.9,.250,0.0,0.1,.000,.321,0.0,0.0,,0.0,0.5,0.5,0.3,0.1,0.1,0.1,0.3,0.6,jacksju01
217,Reggie Jackson,PG,32,LAC,34,34,28.6,4.6,10.8,.423,1.6,4.5,.357,2.9,6.2,.472,.499,1.5,1.6,.909,0.4,2.1,2.5,3.8,0.7,0.1,2.2,2.1,12.2,jacksre01
218,LeBron James,PF,38,LAL,28,28,35.9,11.2,22.1,.506,2.1,6.8,.309,9.1,15.3,.593,.553,4.0,5.4,.753,1.3,6.9,8.1,6.6,1.0,0.6,3.2,1.8,28.5,jamesle01
219,Ty Jerome,SG,25,GSW,21,1,17.5,2.6,5.2,.505,0.9,2.2,.391,1.8,3.0,.587,.587,1.1,1.1,.958,0.1,1.6,1.7,2.4,0.3,0.1,0.6,1.4,7.2,jeromty01
220,Isaiah Joe,SG,23,OKC,28,1,12.0,2.0,4.4,.460,1.6,3.6,.441,0.4,0.8,.545,.641,0.7,0.8,.826,0.1,1.6,1.7,1.0,0.6,0.1,0.5,1.2,6.4,joeis01
221,Alize Johnson,PF,26,SAS,4,0,7.5,0.8,1.5,.500,0.0,0.5,.000,0.8,1.0,.750,.500,0.3,0.5,.500,0.5,2.0,2.5,0.3,0.3,0.0,1.0,0.8,1.8,johnsal02
222,Cameron Johnson,PF,26,PHO,8,8,25.3,4.6,10.4,.446,2.8,6.4,.431,1.9,4.0,.469,.578,1.0,1.4,.727,0.6,2.8,3.4,1.8,1.1,0.4,0.3,1.8,13.0,johnsca02
223,Jalen Johnson,SF,21,ATL,34,6,16.1,2.1,4.6,.446,0.4,1.6,.214,1.7,3.0,.574,.484,0.8,1.1,.711,0.7,3.1,3.8,1.1,0.5,0.5,0.5,1.7,5.3,johnsja05
224,James Johnson,PF,35,IND,9,0,7.9,0.8,2.1,.368,0.1,0.8,.143,0.7,1.3,.500,.395,0.0,0.0,,0.0,0.9,0.9,0.6,0.1,0.3,0.2,1.9,1.7,johnsja01
225,Keldon Johnson,SF,23,SAS,31,31,32.6,7.5,18.0,.419,2.5,7.4,.343,5.0,10.6,.473,.490,3.5,4.8,.736,0.9,4.1,4.9,2.9,0.8,0.2,2.3,1.9,21.2,johnske04
226,Keon Johnson,SG,20,POR,15,0,13.8,2.4,6.2,.387,1.1,3.2,.333,1.3,3.0,.444,.473,0.3,0.7,.455,0.4,1.5,1.9,1.3,0.6,0.3,1.6,1.2,6.2,johnske07
227,Stanley Johnson,SF,26,SAS,8,0,13.3,2.4,4.0,.594,0.8,1.5,.500,1.6,2.5,.650,.688,0.6,0.9,.714,0.4,2.3,2.6,1.9,0.6,0.5,0.8,1.6,6.1,johnsst04
228,Nikola Jokić,C,27,DEN,32,32,33.7,9.6,15.6,.616,0.8,2.4,.338,8.8,13.2,.667,.642,5.5,6.8,.806,2.1,8.8,10.9,9.5,1.4,0.7,3.5,2.8,25.5,jokicni01
229,Damian Jones,C,27,LAL,18,1,9.3,1.1,2.0,.556,0.0,0.2,.000,1.1,1.8,.606,.556,0.8,1.1,.750,1.0,1.9,2.9,0.2,0.2,0.6,0.4,0.8,3.1,jonesda03
230,Derrick Jones Jr.,SF,25,CHI,25,0,13.8,1.9,3.8,.500,0.4,1.3,.344,1.5,2.6,.578,.557,1.2,1.4,.833,0.9,1.4,2.3,0.6,0.5,0.7,0.4,1.3,5.5,jonesde02
231,Herbert Jones,SF,24,NOP,23,23,28.4,3.6,8.2,.436,0.9,3.0,.300,2.7,5.1,.517,.492,2.5,3.2,.770,1.2,2.3,3.5,2.2,1.3,0.7,1.2,3.4,10.5,joneshe01
232,Kai Jones,C,22,CHO,22,0,9.9,1.2,2.5,.500,0.1,0.5,.273,1.1,2.0,.558,.528,0.4,0.5,.727,0.9,1.4,2.2,0.2,0.2,0.5,0.4,1.4,3.0,joneska01
233,Tre Jones,PG,23,SAS,34,34,30.1,4.8,11.1,.435,0.8,2.6,.303,4.0,8.5,.476,.471,2.3,2.6,.888,0.8,2.9,3.7,6.5,1.4,0.2,1.9,1.7,12.8,jonestr01
234,Tyus Jones,PG,26,MEM,34,5,23.4,3.8,8.7,.439,1.4,3.8,.372,2.4,4.9,.491,.520,1.0,1.3,.750,0.4,1.8,2.2,4.5,0.8,0.1,1.0,0.4,10.0,jonesty01
235,DeAndre Jordan,C,34,DEN,27,3,14.3,2.0,2.7,.753,0.0,0.0,1.000,2.0,2.7,.750,.760,0.6,1.3,.472,1.3,3.9,5.2,0.8,0.2,0.6,1.1,1.6,4.7,jordade01
236,Cory Joseph,PG,31,DET,31,2,14.9,1.6,4.0,.398,0.6,1.7,.340,1.0,2.3,.443,.472,0.6,0.8,.731,0.3,0.8,1.1,3.0,0.4,0.1,0.6,1.5,4.4,josepco01
237,Nikola Jović,PF,19,MIA,15,8,13.6,1.9,4.6,.406,0.5,2.3,.229,1.3,2.3,.588,.464,1.2,1.3,.947,0.6,1.5,2.1,0.7,0.5,0.1,0.7,1.3,5.5,jovicni01
238,Mfiondu Kabengele,PF,25,BOS,1,0,8.0,1.0,2.0,.500,0.0,1.0,.000,1.0,1.0,1.000,.500,0.0,0.0,,3.0,1.0,4.0,0.0,0.0,0.0,0.0,1.0,2.0,kabenmf01
239,Frank Kaminsky,C,29,ATL,17,0,7.6,1.0,1.8,.567,0.5,1.1,.444,0.5,0.7,.750,.700,0.5,0.5,1.000,0.1,1.4,1.5,0.9,0.1,0.0,0.4,0.9,2.9,kaminfr01
240,Trevor Keels,SG,19,NYK,1,0,1.0,0.0,1.0,.000,0.0,1.0,.000,0.0,0.0,,.000,0.0,0.0,,0.0,1.0,1.0,0.0,0.0,0.0,0.0,0.0,0.0,keelstr01
241,Luke Kennard,SG,26,LAC,25,7,22.3,3.2,6.3,.500,2.0,4.1,.476,1.2,2.2,.545,.655,0.5,0.6,.929,0.2,2.5,2.7,1.2,0.6,0.1,0.9,1.4,8.8,kennalu01
242,Walker Kessler,C,21,UTA,35,6,18.5,2.9,3.9,.746,0.0,0.0,,2.9,3.9,.746,.746,1.0,1.9,.545,2.3,4.0,6.3,0.6,0.2,1.8,0.7,2.3,6.9,kesslwa01
243,Braxton Key,SF,25,DET,3,0,3.0,0.3,0.3,1.000,0.0,0.0,,0.3,0.3,1.000,1.000,0.7,0.7,1.000,0.0,0.3,0.3,0.0,0.0,0.0,0.0,0.0,1.3,keybr01
244,Corey Kispert,SF,23,WAS,29,18,28.1,3.3,7.0,.478,1.7,4.3,.397,1.6,2.7,.610,.601,1.0,1.2,.778,0.5,2.0,2.6,1.5,0.6,0.1,0.7,1.4,9.4,kispeco01
245,Maxi Kleber,C,31,DAL,22,0,25.6,2.3,4.7,.490,1.1,3.0,.369,1.2,1.8,.692,.606,0.5,0.6,.786,0.9,2.7,3.5,1.0,0.3,1.0,0.6,2.2,6.2,klebima01
246,Nathan Knight,PF,25,MIN,17,0,4.9,0.9,1.2,.714,0.1,0.2,.250,0.8,1.0,.824,.738,0.6,0.9,.733,0.3,0.6,0.9,0.2,0.2,0.1,0.5,0.8,2.5,knighna01
247,Kevin Knox,SF,23,DET,31,0,14.0,2.0,4.4,.452,1.0,2.9,.360,0.9,1.5,.630,.570,0.6,0.8,.800,0.5,1.9,2.4,0.4,0.4,0.3,0.6,1.7,5.6,knoxke01
248,Christian Koloko,C,22,TOR,34,19,16.2,1.4,2.9,.470,0.0,0.2,.125,1.4,2.7,.500,.475,1.0,1.5,.667,1.6,1.7,3.3,0.5,0.3,1.2,0.5,2.6,3.8,kolokch01
249,John Konchar,SG,26,MEM,32,20,25.7,2.8,6.0,.456,1.3,3.5,.387,1.4,2.6,.549,.567,0.5,0.6,.850,1.1,4.6,5.6,1.5,1.0,0.3,0.6,1.7,7.4,konchjo01
250,Furkan Korkmaz,SG,25,PHI,19,0,10.8,1.3,3.3,.387,0.5,1.6,.333,0.7,1.7,.438,.468,0.9,1.3,.720,0.2,1.0,1.2,0.9,0.2,0.1,0.7,0.5,4.0,korkmfu01
251,Luke Kornet,C,27,BOS,30,0,12.4,1.7,2.5,.667,0.1,0.2,.333,1.6,2.3,.696,.680,0.5,0.6,.833,1.4,2.0,3.4,0.7,0.2,0.8,0.4,1.4,3.9,kornelu01
252,Vit Krejci,PG,22,ATL,16,0,6.6,0.6,1.6,.385,0.3,1.1,.294,0.3,0.6,.556,.481,0.1,0.1,.500,0.1,0.6,0.7,0.6,0.1,0.1,0.2,0.6,1.6,krejcvi01
253,Jonathan Kuminga,PF,20,GSW,33,4,18.6,2.8,6.0,.472,0.5,1.9,.258,2.4,4.2,.569,.513,1.4,2.0,.672,1.0,2.2,3.2,1.7,0.5,0.5,1.5,2.3,7.5,kuminjo01
254,Kyle Kuzma,PF,27,WAS,36,36,35.3,8.3,17.7,.469,2.6,7.5,.346,5.7,10.2,.559,.542,2.5,3.6,.700,0.9,6.6,7.5,3.6,0.6,0.4,2.8,2.4,21.7,kuzmaky01
255,Anthony Lamb,SF,25,GSW,29,3,18.5,2.2,4.4,.492,1.2,3.0,.386,1.0,1.4,.725,.625,0.4,0.6,.688,0.7,2.3,3.1,1.6,0.7,0.3,1.0,2.1,5.9,lamban01
256,Jock Landale,C,27,PHO,31,2,14.1,2.4,4.6,.517,0.3,1.4,.214,2.1,3.3,.644,.549,1.6,1.9,.817,1.7,2.2,3.9,0.8,0.2,0.6,0.8,1.8,6.6,landajo01
257,Romeo Langford,SG,23,SAS,20,8,19.5,2.8,5.5,.514,0.4,1.4,.250,2.5,4.1,.605,.546,0.9,1.3,.680,1.5,1.2,2.7,1.0,0.7,0.4,0.8,1.8,6.8,langfro01
258,Jake LaRavia,PF,21,MEM,21,0,15.5,1.4,3.5,.411,0.9,2.4,.373,0.5,1.0,.500,.541,0.3,0.3,.857,0.8,1.8,2.6,0.9,0.5,0.1,0.7,1.8,4.0,laravja01
259,Zach LaVine,SG,27,CHI,31,31,34.9,8.3,17.8,.463,2.9,7.5,.382,5.4,10.3,.522,.543,3.5,4.2,.824,0.5,3.7,4.3,4.3,1.1,0.0,2.4,2.3,22.9,lavinza01
260,A.J. Lawson,SG,22,TOT,2,0,1.5,0.5,1.0,.500,0.0,0.5,.000,0.5,0.5,1.000,.500,0.0,0.0,,0.0,0.5,0.5,0.0,0.0,0.0,0.0,0.5,1.0,lawsoaj01
260,A.J. Lawson,SG,22,MIN,1,0,2.0,1.0,1.0,1.000,0.0,0.0,,1.0,1.0,1.000,1.000,0.0,0.0,,0.0,1.0,1.0,0.0,0.0,0.0,0.0,1.0,2.0,lawsoaj01
260,A.J. Lawson,SG,22,DAL,1,0,1.0,0.0,1.0,.000,0.0,1.0,.000,0.0,0.0,,.000,0.0,0.0,,0.0,0.0,0.0,0.0,0.0,0.0,0.0,0.0,0.0,lawsoaj01
261,Damion Lee,SG,30,PHO,37,2,21.9,2.8,6.0,.466,1.9,3.8,.493,0.9,2.2,.422,.621,1.0,1.1,.925,0.6,2.8,3.4,1.2,0.4,0.1,1.0,1.5,8.5,leeda03
262,Saben Lee,PG,23,PHI,2,0,5.0,1.5,2.0,.750,0.0,0.5,.000,1.5,1.5,1.000,.750,0.0,0.0,,0.0,0.0,0.0,1.0,0.5,0.0,1.5,0.5,3.0,leesa01
263,Alex Len,C,29,SAC,9,1,4.3,0.6,1.1,.500,0.0,0.1,.000,0.6,1.0,.556,.500,0.3,0.4,.750,0.3,1.1,1.4,0.2,0.0,0.0,0.2,0.8,1.4,lenal01
264,Kawhi Leonard,SF,31,LAC,15,13,28.5,6.5,13.5,.478,1.1,3.8,.281,5.4,9.7,.555,.517,2.9,3.8,.754,1.0,5.1,6.1,3.7,0.8,0.3,1.5,1.6,16.9,leonaka01
265,Caris LeVert,SG,28,CLE,32,16,30.4,4.2,10.7,.396,1.4,4.1,.351,2.8,6.6,.424,.463,2.0,2.6,.768,0.7,3.3,4.1,3.7,0.8,0.2,1.6,2.4,11.8,leverca01
266,Kira Lewis Jr.,PG,21,NOP,2,0,11.5,2.0,5.5,.364,0.5,1.5,.333,1.5,4.0,.375,.409,1.0,1.0,1.000,0.0,1.0,1.0,0.5,0.5,0.0,0.0,2.0,5.5,lewiski01
267,Damian Lillard,PG,32,POR,23,23,35.4,8.4,19.2,.439,4.2,11.3,.373,4.2,7.9,.533,.549,6.7,7.4,.906,0.7,3.3,4.0,7.1,0.8,0.3,3.5,2.0,27.8,lillada01
268,Nassir Little,PF,22,POR,21,0,15.3,2.0,4.3,.473,0.8,2.0,.372,1.3,2.3,.563,.560,0.7,1.0,.667,0.3,2.0,2.4,0.9,0.4,0.1,0.7,0.8,5.5,littlna01
269,Isaiah Livers,PF,24,DET,22,7,19.5,1.9,4.7,.404,1.3,3.7,.358,0.6,1.0,.565,.543,0.7,0.9,.750,0.5,1.8,2.3,0.6,0.4,0.5,0.6,1.9,5.8,liveris01
270,Kenneth Lofton Jr.,PF,20,MEM,5,0,4.6,1.4,2.8,.500,0.0,0.2,.000,1.4,2.6,.538,.500,0.2,0.6,.333,0.2,0.6,0.8,0.8,0.0,0.0,0.2,0.6,3.0,loftoke01
271,Kevon Looney,C,26,GSW,37,37,22.9,2.7,4.4,.627,0.0,0.0,,2.7,4.4,.627,.627,1.0,1.6,.617,2.6,5.2,7.9,2.9,0.4,0.5,0.4,2.8,6.5,looneke01
272,Brook Lopez,C,34,MIL,34,34,30.6,5.5,10.9,.507,2.0,5.1,.385,3.6,5.8,.614,.597,1.8,2.2,.800,1.8,4.1,5.9,1.1,0.6,2.6,1.4,2.4,14.8,lopezbr01
273,Robin Lopez,C,34,CLE,22,1,8.8,1.3,2.0,.636,0.0,0.0,,1.3,2.0,.636,.636,0.4,0.5,.750,0.8,0.7,1.5,0.4,0.0,0.1,0.7,1.2,3.0,lopezro01
274,Kevin Love,PF,34,CLE,28,1,19.9,2.9,6.9,.418,1.9,4.9,.390,1.0,2.1,.483,.554,1.5,1.7,.872,0.9,6.0,6.9,2.1,0.2,0.2,1.2,1.6,9.1,loveke01
275,Kyle Lowry,PG,36,MIA,31,31,35.8,4.4,10.8,.407,2.4,6.7,.356,2.0,4.1,.492,.518,2.9,3.4,.856,0.8,3.9,4.7,5.9,1.1,0.5,2.3,2.8,14.0,lowryky01
276,Trey Lyles,PF,27,SAC,28,0,14.6,2.1,5.0,.426,1.1,3.2,.337,1.1,1.9,.577,.532,0.7,1.0,.704,1.0,2.4,3.4,0.8,0.3,0.4,0.9,1.1,6.0,lylestr01
277,Théo Maledon,PG,21,CHO,34,1,16.2,1.8,4.2,.417,0.5,1.7,.316,1.2,2.6,.483,.479,1.4,1.6,.870,0.3,2.2,2.4,2.4,0.7,0.1,1.0,1.0,5.4,maledth01
278,Sandro Mamukelashvili,C,23,MIL,15,0,8.1,0.8,2.3,.343,0.3,1.2,.278,0.5,1.1,.412,.414,0.3,0.7,.500,0.7,1.5,2.2,0.6,0.1,0.2,0.3,0.7,2.3,mamuksa01
279,Terance Mann,SG,26,LAC,36,13,21.0,3.1,6.0,.521,0.7,2.1,.347,2.4,3.9,.613,.581,1.0,1.4,.735,1.1,2.6,3.7,1.9,0.6,0.3,1.0,1.8,8.0,mannte01
280,Tre Mann,PG,21,OKC,30,4,20.1,3.5,9.0,.387,1.4,4.8,.297,2.0,4.1,.492,.467,0.6,0.8,.708,0.5,1.9,2.4,1.6,0.7,0.1,0.9,1.5,8.9,manntr01
281,Boban Marjanović,C,34,HOU,11,0,3.8,0.9,1.4,.667,0.0,0.1,.000,0.9,1.3,.714,.667,0.6,0.8,.778,0.3,0.9,1.2,0.2,0.1,0.1,0.2,0.1,2.5,marjabo01
282,Lauri Markkanen,SF,25,UTA,35,35,33.9,8.3,15.6,.533,3.0,7.1,.429,5.3,8.5,.619,.630,3.9,4.7,.847,1.9,6.5,8.3,2.0,0.6,0.6,1.9,2.1,23.6,markkla01
283,Naji Marshall,SF,25,NOP,33,9,23.2,3.0,6.9,.441,1.0,3.0,.330,2.0,3.8,.528,.513,1.6,2.0,.806,0.8,2.7,3.5,2.3,0.8,0.2,1.0,1.5,8.7,marshna01
284,Caleb Martin,PF,27,MIA,32,32,32.3,4.1,8.8,.465,1.5,3.8,.397,2.6,5.0,.516,.550,1.0,1.3,.786,1.6,3.3,4.8,1.9,1.1,0.4,1.2,1.8,10.7,martica02
285,Cody Martin,SF,27,CHO,1,0,1.0,0.0,0.0,,0.0,0.0,,0.0,0.0,,,0.0,0.0,,0.0,0.0,0.0,0.0,0.0,0.0,0.0,0.0,0.0,martico01
286,Kenyon Martin Jr.,SF,22,HOU,35,8,24.3,4.2,7.6,.555,0.8,2.7,.309,3.4,4.9,.690,.609,1.5,2.2,.662,1.4,3.5,4.9,1.4,0.4,0.3,1.1,1.7,10.7,martike04
287,Tyrese Martin,SG,23,ATL,11,0,3.8,0.5,1.5,.375,0.1,0.5,.200,0.5,1.0,.455,.406,0.2,0.2,1.000,0.2,0.4,0.5,0.0,0.1,0.0,0.1,0.2,1.4,martity01
288,Garrison Mathews,SG,26,HOU,28,0,13.2,1.3,3.4,.375,1.2,3.3,.363,0.1,0.2,.600,.547,1.1,1.2,.939,0.2,1.0,1.2,0.5,0.6,0.1,0.3,1.3,4.9,mathega01
289,Bennedict Mathurin,SG,20,IND,36,2,28.3,5.5,13.1,.417,1.7,5.0,.343,3.8,8.1,.464,.483,4.6,5.6,.823,1.1,2.8,3.9,1.5,0.6,0.1,1.8,2.0,17.3,mathube01
290,Wesley Matthews,SG,36,MIL,25,0,15.1,1.0,2.9,.329,0.8,2.4,.322,0.2,0.6,.357,.459,0.4,0.4,.900,0.8,0.9,1.7,0.6,0.5,0.2,0.4,1.6,3.0,matthwe02
291,Tyrese Maxey,SG,22,PHI,16,15,35.3,8.1,17.7,.459,2.8,6.6,.419,5.4,11.1,.483,.537,3.0,4.1,.738,0.4,2.9,3.3,4.2,0.9,0.3,1.9,2.3,22.0,maxeyty01
292,Miles McBride,PG,22,NYK,24,1,13.3,1.4,3.8,.374,0.6,2.3,.250,0.8,1.5,.571,.451,0.5,0.7,.647,0.2,0.6,0.8,1.4,0.7,0.0,0.4,0.9,3.9,mcbrimi01
293,CJ McCollum,SG,31,NOP,31,31,35.2,7.6,18.0,.423,2.8,7.2,.392,4.8,10.8,.443,.501,2.1,2.5,.821,0.9,4.1,5.1,6.1,1.1,0.6,2.5,1.8,20.1,mccolcj01
294,T.J. McConnell,PG,30,IND,33,0,17.3,2.3,5.2,.447,0.2,0.5,.278,2.2,4.6,.467,.462,0.5,0.6,.842,0.6,1.8,2.3,4.4,1.0,0.2,1.5,1.2,5.2,mccontj01
295,Jaden McDaniels,PF,22,MIN,33,33,30.6,4.5,8.5,.529,1.2,3.0,.380,3.3,5.5,.611,.596,1.2,1.5,.760,1.2,2.4,3.6,1.7,1.1,1.2,1.5,3.5,11.3,mcdanja02
296,Jalen McDaniels,SF,25,CHO,36,10,25.9,3.9,8.5,.456,1.3,3.4,.371,2.6,5.0,.514,.531,1.6,1.9,.881,0.8,3.7,4.6,2.2,1.0,0.5,1.3,3.0,10.6,mcdanja01
297,Doug McDermott,SF,31,SAS,30,0,20.5,3.9,8.3,.468,2.0,4.9,.415,1.9,3.4,.544,.590,0.7,0.9,.741,0.3,1.8,2.1,1.5,0.1,0.2,1.0,1.6,10.5,mcderdo01
298,JaVale McGee,C,35,DAL,23,7,8.3,1.8,3.0,.609,0.0,0.2,.250,1.8,2.8,.631,.616,0.6,1.0,.542,0.7,1.7,2.3,0.2,0.1,0.5,0.9,1.1,4.3,mcgeeja01
299,Bryce McGowens,SG,20,CHO,13,0,14.3,1.4,3.5,.400,0.5,1.2,.375,0.9,2.2,.414,.467,0.8,0.9,.917,0.2,1.2,1.4,1.0,0.3,0.3,0.5,0.5,4.1,mcgowbr01
300,Rodney McGruder,SG,31,DET,12,2,9.1,0.8,2.5,.300,0.5,1.8,.273,0.3,0.7,.375,.400,0.3,0.5,.667,0.6,1.0,1.6,0.9,0.2,0.0,0.4,0.3,2.3,mcgruro01
301,Jordan McLaughlin,PG,26,MIN,18,0,15.9,1.6,3.7,.424,0.4,1.9,.235,1.1,1.8,.625,.485,0.5,0.5,1.000,0.4,1.3,1.7,3.6,0.8,0.1,0.8,0.4,4.1,mclaujo01
302,De'Anthony Melton,PG,24,PHI,31,24,30.2,4.4,10.3,.425,2.4,6.2,.391,2.0,4.1,.477,.542,0.6,0.9,.690,1.1,3.5,4.7,3.2,2.0,0.4,1.6,2.3,11.8,meltode01
303,Chimezie Metu,C,25,SAC,25,0,11.1,2.1,3.6,.584,0.2,0.8,.238,1.9,2.7,.691,.612,0.6,0.8,.800,0.6,2.4,3.0,0.6,0.4,0.2,0.7,1.1,5.0,metuch01
304,Khris Middleton,SF,31,MIL,7,7,24.4,3.6,11.0,.325,1.6,5.9,.268,2.0,5.1,.389,.396,2.4,2.7,.895,0.1,2.4,2.6,4.4,0.6,0.1,1.6,2.6,11.1,middlkh01
305,Patty Mills,PG,34,BRK,24,1,11.8,2.0,4.2,.480,1.3,2.9,.435,0.8,1.3,.581,.630,0.6,0.6,.933,0.2,0.8,1.0,1.3,0.3,0.0,0.5,0.5,5.8,millspa02
306,Shake Milton,SG,26,PHI,30,8,24.1,4.1,8.0,.510,0.8,2.2,.385,3.3,5.9,.557,.562,1.6,1.9,.825,0.6,2.5,3.1,3.2,0.4,0.2,1.5,1.8,10.6,miltosh01
307,Josh Minott,SF,20,MIN,6,0,2.5,0.5,0.8,.600,0.0,0.2,.000,0.5,0.7,.750,.600,0.7,0.7,1.000,0.3,0.2,0.5,0.3,0.2,0.2,0.0,0.2,1.7,minotjo01
308,Davion Mitchell,PG,24,SAC,33,3,19.6,2.6,5.7,.455,0.8,2.5,.305,1.8,3.2,.571,.521,0.4,0.5,.706,0.2,1.3,1.5,2.6,0.5,0.2,1.1,1.5,6.3,mitchda01
309,Donovan Mitchell,SG,26,CLE,32,32,36.3,9.9,20.3,.488,3.9,9.3,.419,6.0,11.0,.547,.584,4.8,5.4,.879,0.9,2.9,3.8,4.5,1.4,0.3,2.8,2.6,28.4,mitchdo01
310,Evan Mobley,PF,21,CLE,36,36,34.0,5.9,10.5,.557,0.3,1.1,.220,5.6,9.4,.598,.569,2.6,3.6,.710,2.5,6.4,8.9,2.8,0.8,1.3,2.0,2.8,14.6,mobleev01
311,Isaiah Mobley,PF,23,CLE,8,0,3.3,0.5,1.0,.500,0.1,0.3,.500,0.4,0.8,.500,.563,0.0,0.0,,0.1,1.3,1.4,0.0,0.1,0.0,0.0,0.3,1.1,mobleis01
312,Chima Moneke,SF,27,SAC,2,0,4.0,0.5,1.0,.500,0.0,0.0,,0.5,1.0,.500,.500,0.0,1.0,.000,1.0,0.0,1.0,0.5,0.0,0.0,1.0,1.0,1.0,monekch01
313,Malik Monk,SG,24,SAC,34,0,23.2,5.0,11.2,.450,1.9,5.6,.328,3.2,5.5,.574,.533,2.6,2.8,.906,0.4,1.9,2.3,3.9,0.6,0.1,2.0,1.6,14.5,monkma01
314,Moses Moody,SG,20,GSW,32,3,15.5,1.8,4.1,.450,1.0,2.5,.383,0.9,1.6,.560,.569,0.7,0.8,.808,0.4,1.3,1.7,0.8,0.4,0.2,0.7,1.0,5.3,moodymo01
315,Wendell Moore Jr.,SG,21,MIN,16,2,6.0,0.8,1.8,.464,0.1,0.8,.167,0.7,1.0,.688,.500,0.3,0.3,.800,0.1,0.7,0.8,0.5,0.3,0.2,0.4,0.7,2.0,moorewe01
316,Ja Morant,PG,23,MEM,29,29,32.5,9.4,20.8,.450,1.7,5.3,.327,7.7,15.6,.492,.492,6.3,8.5,.744,1.2,5.0,6.2,8.1,1.0,0.2,3.7,1.8,26.8,moranja01
317,Marcus Morris,PF,33,LAC,34,34,30.0,5.0,11.2,.444,2.1,5.5,.378,2.9,5.7,.508,.537,1.3,1.6,.804,0.5,4.6,5.1,1.8,0.7,0.4,1.0,2.2,13.4,morrima03
318,Markieff Morris,PF,33,BRK,19,1,11.4,1.4,3.2,.443,1.0,2.1,.487,0.4,1.2,.364,.598,0.3,0.3,1.000,0.5,1.8,2.3,1.0,0.3,0.2,0.6,1.2,4.2,morrima02
319,Monte Morris,PG,27,WAS,32,32,28.7,3.8,8.3,.458,1.3,3.3,.383,2.5,4.9,.510,.536,1.1,1.4,.773,0.4,3.0,3.3,5.4,0.8,0.2,0.9,1.6,9.9,morrimo01
320,Trey Murphy III,SF,22,NOP,32,22,28.6,4.3,8.8,.481,2.4,5.6,.425,1.9,3.3,.577,.615,1.9,2.1,.910,1.0,3.2,4.2,1.4,1.1,0.5,0.8,2.1,12.8,murphtr02
321,Dejounte Murray,SG,26,ATL,31,31,36.1,8.1,18.1,.447,2.0,5.7,.350,6.1,12.4,.491,.502,2.3,2.7,.835,0.7,4.7,5.4,6.3,1.7,0.4,2.5,1.6,20.5,murrade01
322,Jamal Murray,PG,25,DEN,29,29,31.8,6.6,15.1,.438,2.0,5.5,.358,4.7,9.6,.484,.503,3.0,3.7,.796,0.5,3.3,3.9,5.7,0.9,0.2,2.1,1.3,18.2,murraja01
323,Keegan Murray,SF,22,SAC,32,30,28.6,4.2,9.8,.425,2.2,5.8,.384,1.9,4.0,.484,.538,1.0,1.3,.762,0.8,2.9,3.8,0.8,0.8,0.6,1.1,2.0,11.5,murrake02
324,Mike Muscala,C,31,OKC,25,1,13.5,2.0,4.4,.450,1.1,3.0,.378,0.8,1.4,.600,.578,0.8,1.0,.833,0.4,2.7,3.1,0.9,0.2,0.5,0.3,1.6,5.8,muscami01
325,Svi Mykhailiuk,SF,25,NYK,11,0,3.5,0.5,1.1,.500,0.5,0.9,.600,0.0,0.2,.000,.750,0.3,0.5,.600,0.0,0.6,0.6,0.1,0.1,0.0,0.2,0.1,1.9,mykhasv01
326,Larry Nance Jr.,PF,30,NOP,29,0,22.8,3.7,5.8,.641,0.3,0.9,.400,3.3,4.9,.683,.671,0.8,1.1,.727,1.7,3.9,5.6,1.8,1.0,0.8,0.9,2.3,8.6,nancela02
327,Andrew Nembhard,SG,23,IND,31,22,26.2,3.2,6.9,.463,1.3,3.5,.383,1.9,3.5,.542,.558,0.5,0.5,.875,0.4,2.7,3.1,3.8,1.0,0.2,1.5,2.8,8.2,nembhan01
328,Aaron Nesmith,SF,23,IND,31,19,22.5,3.3,7.6,.430,1.5,4.1,.359,1.8,3.5,.514,.528,1.3,1.4,.886,0.8,2.9,3.7,1.2,0.7,0.5,1.0,3.2,9.3,nesmiaa01
329,Raul Neto,PG,30,CLE,22,0,9.0,0.9,2.0,.455,0.2,0.8,.278,0.7,1.2,.577,.511,0.5,0.5,.833,0.1,0.7,0.8,1.2,0.4,0.0,0.4,0.8,2.5,netora01
330,Georges Niang,PF,29,PHI,32,0,20.4,3.3,7.4,.437,2.3,5.7,.407,0.9,1.8,.536,.592,0.6,0.7,.909,0.2,2.2,2.4,1.1,0.5,0.3,0.8,2.2,9.4,niangge01
331,Daishen Nix,PG,20,HOU,30,0,14.7,1.2,3.4,.359,0.8,2.3,.333,0.5,1.1,.412,.471,0.5,0.8,.696,0.3,1.3,1.7,2.6,0.8,0.1,1.4,0.9,3.8,nixda01
332,Zeke Nnaji,PF,22,DEN,25,2,10.5,1.6,2.8,.586,0.1,0.6,.188,1.5,2.2,.704,.607,0.6,0.7,.778,1.0,0.6,1.6,0.2,0.2,0.2,0.5,1.6,4.0,nnajize01
333,Nerlens Noel,C,28,DET,7,0,9.0,0.6,1.9,.308,0.0,0.0,,0.6,1.9,.308,.308,0.6,0.9,.667,0.4,2.3,2.7,0.4,0.9,0.3,0.4,1.3,1.7,noelne01
334,Jaylen Nowell,SG,23,MIN,36,0,20.2,4.6,10.6,.429,1.2,3.9,.303,3.4,6.7,.504,.486,1.2,1.6,.786,0.8,2.1,2.9,2.2,0.7,0.1,0.9,1.6,11.5,nowelja01
335,Frank Ntilikina,PG,24,DAL,17,1,12.9,0.9,2.9,.306,0.4,1.6,.222,0.5,1.3,.409,.367,0.5,0.6,.727,0.1,1.4,1.5,1.4,0.2,0.1,0.8,1.5,2.6,ntilila01
336,Kendrick Nunn,PG,27,LAL,28,2,11.6,2.0,5.5,.364,0.8,2.7,.307,1.2,2.8,.418,.438,0.4,0.5,.923,0.0,1.0,1.1,0.9,0.2,0.0,1.0,0.8,5.3,nunnke01
337,Jusuf Nurkić,C,28,POR,30,30,28.8,5.5,10.2,.541,0.9,1.9,.464,4.6,8.3,.558,.584,2.9,4.3,.680,2.5,7.4,9.9,3.0,0.8,1.0,2.4,3.5,14.8,nurkiju01
338,Jordan Nwora,SF,24,MIL,26,3,16.6,2.0,5.5,.368,1.0,2.8,.365,1.0,2.7,.371,.462,1.1,1.3,.848,0.8,2.3,3.1,1.0,0.3,0.1,0.9,0.8,6.2,nworajo01
339,Royce O'Neale,SF,29,BRK,33,33,35.2,3.3,8.2,.405,2.3,5.4,.425,1.0,2.7,.367,.546,0.5,0.8,.640,0.8,4.2,4.9,4.2,0.9,0.7,1.8,3.2,9.4,onealro01
340,Chuma Okeke,PF,24,ORL,18,7,21.8,1.8,4.8,.368,1.0,3.3,.300,0.8,1.5,.519,.471,0.9,1.2,.762,1.2,3.1,4.2,1.4,0.6,0.5,0.5,1.9,5.4,okekech01
341,Josh Okogie,SG,24,PHO,32,1,11.9,1.5,3.7,.402,0.4,1.6,.240,1.1,2.1,.522,.453,1.1,1.5,.735,1.4,1.5,2.9,1.1,0.6,0.4,0.7,1.4,4.4,okogijo01
342,Onyeka Okongwu,C,22,ATL,35,8,22.8,3.7,5.9,.624,0.0,0.1,.000,3.7,5.8,.634,.624,1.7,2.4,.735,2.6,4.4,7.0,0.9,0.6,1.0,0.9,3.1,9.1,okongon01
343,Isaac Okoro,SG,22,CLE,36,8,18.8,1.8,4.0,.438,0.5,1.9,.250,1.3,2.1,.605,.497,0.9,1.1,.825,0.5,1.6,2.1,0.8,0.6,0.4,0.6,1.8,4.9,okorois01
344,KZ Okpala,PF,23,SAC,23,3,7.9,0.6,1.2,.464,0.2,0.6,.385,0.3,0.7,.533,.554,0.3,0.3,1.000,0.3,1.0,1.2,0.4,0.2,0.3,0.3,1.3,1.6,okpalkz01
345,Victor Oladipo,SG,30,MIA,10,1,25.4,2.8,7.7,.364,1.0,4.1,.244,1.8,3.6,.500,.429,1.4,1.8,.778,0.4,2.1,2.5,2.7,1.7,0.2,1.2,2.3,8.0,oladivi01
346,Kelly Olynyk,PF,31,UTA,34,34,28.5,4.2,8.0,.520,1.5,3.5,.432,2.7,4.6,.587,.614,2.7,3.3,.838,1.2,3.7,4.9,3.1,1.1,0.6,2.2,3.9,12.6,olynyke01
347,Eugene Omoruyi,SF,25,OKC,16,1,12.3,2.1,4.6,.466,0.5,1.8,.286,1.6,2.8,.578,.521,0.8,1.2,.684,0.9,1.6,2.5,0.6,0.8,0.0,0.7,2.3,5.6,omorueu01
348,Cedi Osman,SF,27,CLE,34,0,22.9,3.6,7.6,.467,1.3,4.0,.328,2.2,3.6,.623,.554,1.1,1.6,.679,0.3,2.3,2.6,1.6,0.5,0.1,0.8,1.8,9.5,osmande01
349,Kelly Oubre Jr.,SF,27,CHO,35,30,32.6,7.5,17.8,.421,2.3,7.4,.308,5.2,10.4,.503,.486,2.9,4.0,.714,1.5,3.6,5.1,1.2,1.6,0.4,1.3,3.0,20.2,oubreke01
350,Chris Paul,PG,37,PHO,23,23,31.6,4.3,10.3,.418,1.7,4.3,.384,2.7,6.0,.442,.498,2.7,3.5,.788,0.5,3.9,4.3,9.0,1.5,0.3,2.2,2.4,13.0,paulch01
351,Cameron Payne,PG,28,PHO,26,14,24.8,4.7,11.4,.416,1.8,4.8,.387,2.9,6.6,.436,.497,1.4,1.8,.766,0.3,2.0,2.4,5.3,1.0,0.2,2.0,2.1,12.7,payneca01
352,Theo Pinson,SG,27,DAL,15,0,5.0,0.3,1.1,.235,0.2,0.8,.250,0.1,0.3,.200,.324,0.3,0.4,.833,0.1,1.3,1.4,0.3,0.1,0.0,0.2,0.3,1.1,pinsoth01
353,Scotty Pippen Jr.,PG,22,LAL,3,0,7.7,0.3,2.3,.143,0.3,0.7,.500,0.0,1.7,.000,.214,1.3,2.0,.667,0.7,0.7,1.3,0.3,0.3,0.3,0.7,1.0,2.3,pippesc02
354,Mason Plumlee,C,32,CHO,36,36,27.6,3.9,6.3,.628,0.0,0.0,,3.9,6.3,.628,.628,2.3,4.0,.572,3.3,5.8,9.2,3.8,0.7,0.8,1.7,3.2,10.2,plumlma01
355,Jakob Poeltl,C,27,SAS,27,27,26.3,5.3,8.1,.653,0.0,0.0,,5.3,8.1,.653,.653,1.5,2.7,.548,3.3,5.7,9.0,2.9,0.9,1.1,2.1,2.6,12.1,poeltja01
356,Aleksej Pokusevski,PF,21,OKC,31,25,21.8,3.5,7.8,.440,1.2,3.3,.376,2.2,4.6,.486,.519,0.7,1.1,.636,1.5,3.6,5.1,2.0,0.6,1.3,1.3,1.8,8.8,pokusal01
357,Jordan Poole,SG,23,GSW,37,18,29.3,6.9,15.9,.434,2.5,7.9,.315,4.4,8.0,.551,.512,4.1,4.7,.867,0.3,1.9,2.2,4.3,0.7,0.2,3.5,2.4,20.3,poolejo01
358,Kevin Porter Jr.,PG,22,HOU,34,34,34.3,6.7,15.6,.430,2.0,6.1,.335,4.7,9.5,.491,.495,3.8,5.0,.769,1.4,4.0,5.4,5.8,1.4,0.4,3.7,2.9,19.3,porteke02
359,Michael Porter Jr.,SF,24,DEN,21,21,29.3,6.1,13.0,.469,2.8,6.7,.411,3.3,6.3,.530,.575,1.6,2.1,.750,1.1,5.0,6.1,1.3,0.7,0.5,1.2,2.6,16.5,portemi01
360,Otto Porter Jr.,SF,29,TOR,8,2,18.3,1.9,3.8,.500,0.8,2.1,.353,1.1,1.6,.692,.600,1.0,1.0,1.000,0.8,1.6,2.4,1.0,1.4,0.0,0.5,0.9,5.5,porteot01
361,Bobby Portis,PF,27,MIL,35,8,26.2,5.9,11.8,.496,1.1,3.6,.317,4.7,8.2,.575,.545,1.0,1.3,.778,2.6,7.5,10.1,1.8,0.3,0.3,1.1,1.7,13.9,portibo01
362,Kristaps Porziņģis,PF,27,WAS,33,33,33.0,7.4,15.5,.476,1.8,5.5,.339,5.5,10.1,.550,.535,5.5,6.9,.799,2.0,7.0,9.1,2.5,1.0,1.6,2.2,3.0,22.2,porzikr01
363,Micah Potter,PF,24,UTA,3,0,4.7,0.7,0.7,1.000,0.0,0.0,,0.7,0.7,1.000,1.000,0.0,0.0,,0.3,0.7,1.0,0.7,0.0,0.0,0.0,0.7,1.3,pottemi01
364,Dwight Powell,C,31,DAL,31,23,17.5,2.3,3.2,.717,0.0,0.1,.000,2.3,3.1,.732,.717,1.4,2.1,.672,1.9,1.7,3.6,0.5,0.5,0.4,0.8,2.7,6.0,poweldw01
365,Norman Powell,SG,29,LAC,27,5,25.0,5.4,11.3,.475,1.7,4.3,.385,3.7,7.0,.532,.549,3.1,4.0,.769,0.4,2.4,2.8,1.7,0.8,0.4,1.9,1.9,15.5,powelno01
366,Jason Preston,PG,23,LAC,5,0,8.8,1.2,3.2,.375,0.4,1.6,.250,0.8,1.6,.500,.438,0.0,0.4,.000,0.2,0.8,1.0,1.6,0.0,0.0,0.8,0.8,2.8,prestja01
367,Joshua Primo,SG,20,SAS,4,0,23.3,2.3,6.5,.346,0.8,3.0,.250,1.5,3.5,.429,.404,1.8,2.3,.778,0.5,2.8,3.3,4.5,0.3,0.5,2.8,2.0,7.0,primojo01
368,Taurean Prince,SF,28,MIN,18,0,19.6,2.8,5.7,.495,1.2,3.0,.389,1.7,2.7,.612,.597,1.1,1.2,.864,0.3,2.2,2.5,1.2,0.3,0.2,1.2,2.4,7.9,princta02
369,Payton Pritchard,PG,25,BOS,22,1,10.3,1.5,3.9,.395,0.8,2.3,.333,0.8,1.6,.486,.494,0.3,0.5,.700,0.5,0.8,1.3,1.1,0.3,0.0,0.7,0.4,4.2,pritcpa01
370,Trevelin Queen,PG,25,IND,2,0,10.0,0.0,1.5,.000,0.0,1.5,.000,0.0,0.0,,.000,0.0,0.0,,0.5,1.0,1.5,1.0,0.5,0.5,1.5,0.5,0.0,queentr01
371,Neemias Queta,C,23,SAC,4,0,6.3,1.5,2.0,.750,0.0,0.0,,1.5,2.0,.750,.750,0.0,0.5,.000,1.0,1.3,2.3,0.3,0.0,0.3,0.3,1.8,3.0,quetane01
372,Immanuel Quickley,PG,23,NYK,36,3,25.1,3.9,9.6,.406,1.5,4.6,.333,2.4,5.0,.472,.486,2.0,2.3,.845,0.6,3.3,3.9,3.3,1.0,0.1,1.3,2.0,11.3,quickim01
373,Julius Randle,PF,28,NYK,36,36,34.7,8.1,17.1,.470,2.6,7.4,.347,5.5,9.8,.563,.545,5.1,6.7,.759,2.0,7.7,9.7,3.7,0.7,0.3,2.6,3.1,23.8,randlju01
374,Austin Reaves,SG,24,LAL,34,11,29.0,3.4,6.9,.492,1.3,3.5,.361,2.1,3.4,.624,.583,2.6,2.8,.906,0.6,2.3,2.9,2.1,0.6,0.4,1.4,1.7,10.6,reaveau01
375,Cam Reddish,SF,23,NYK,20,8,21.9,3.1,6.8,.449,0.9,2.8,.304,2.2,4.0,.550,.511,1.5,1.7,.879,0.4,1.2,1.6,1.0,0.8,0.4,0.8,1.6,8.4,reddica01
376,Davon Reed,SG,27,DEN,23,1,10.3,0.8,2.5,.310,0.5,1.5,.353,0.3,1.0,.250,.414,0.5,0.7,.688,0.3,1.2,1.5,0.6,0.3,0.1,0.6,1.2,2.6,reedda01
377,Paul Reed,C,23,PHI,29,0,9.7,1.2,2.2,.563,0.0,0.1,.000,1.2,2.1,.590,.563,0.3,0.4,.667,1.1,2.0,3.1,0.4,0.8,0.6,0.6,2.1,2.8,reedpa01
378,Naz Reid,C,23,MIN,30,4,17.9,4.3,7.8,.547,1.0,2.8,.369,3.2,5.0,.647,.613,1.2,1.8,.636,0.9,3.8,4.7,1.0,0.5,0.9,1.2,2.3,10.7,reidna01
379,Nick Richards,C,25,CHO,33,0,18.8,3.4,5.5,.615,0.0,0.0,,3.4,5.5,.615,.615,2.2,3.0,.735,2.9,3.5,6.4,0.6,0.2,0.8,0.8,2.3,9.0,richani01
380,Josh Richardson,SG,29,SAS,25,3,22.9,3.6,9.0,.403,1.7,4.9,.352,1.9,4.2,.462,.498,1.5,1.8,.864,0.6,1.8,2.4,2.9,0.8,0.1,1.6,1.6,10.5,richajo01
381,Austin Rivers,SG,30,MIN,26,9,19.7,1.8,4.0,.457,0.9,2.3,.390,1.0,1.8,.543,.567,0.8,1.0,.880,0.1,1.7,1.7,1.2,0.5,0.0,0.6,1.7,5.4,riverau01
382,Duncan Robinson,SF,28,MIA,26,0,18.3,2.3,6.3,.374,1.7,5.0,.344,0.6,1.2,.500,.512,0.7,0.8,.900,0.2,1.8,2.0,1.2,0.3,0.0,0.7,2.0,7.1,robindu01
383,Mitchell Robinson,C,24,NYK,28,27,25.8,3.3,4.5,.724,0.0,0.0,,3.3,4.5,.724,.724,1.1,2.0,.545,4.3,4.4,8.7,1.0,0.7,1.8,0.6,2.9,7.6,robinmi01
384,Orlando Robinson,C,22,MIA,9,0,16.1,2.4,4.4,.550,0.0,0.6,.000,2.4,3.9,.629,.550,1.2,1.6,.786,1.7,2.3,4.0,1.2,0.7,0.6,0.6,2.1,6.1,robinor01
385,Jeremiah Robinson-Earl,PF,22,OKC,26,18,21.1,3.3,6.7,.489,1.1,2.9,.382,2.2,3.8,.571,.572,0.8,1.1,.786,2.0,3.0,5.0,1.0,0.7,0.4,0.6,1.9,8.5,robinje02
386,Isaiah Roby,PF,24,SAS,28,1,11.0,1.6,3.5,.449,0.5,1.5,.333,1.1,2.0,.536,.520,0.4,0.8,.435,0.4,2.0,2.4,1.1,0.4,0.2,0.6,1.2,4.0,robyis01
387,David Roddy,PF,21,MEM,32,1,18.6,2.5,6.2,.401,0.9,3.3,.283,1.5,2.8,.538,.477,0.7,1.0,.636,0.6,2.1,2.7,0.7,0.4,0.3,0.8,1.4,6.5,roddyda01
388,Ryan Rollins,PG,20,GSW,11,0,5.5,0.5,1.7,.316,0.3,0.8,.333,0.3,0.9,.300,.395,0.5,0.5,1.000,0.2,0.7,0.9,0.5,0.1,0.1,1.5,0.9,1.9,rolliry01
389,Derrick Rose,PG,34,NYK,25,0,13.0,2.4,6.0,.393,0.8,2.3,.333,1.6,3.7,.430,.457,0.4,0.5,.917,0.3,1.2,1.6,1.8,0.3,0.2,0.9,0.7,5.9,rosede01
390,Terrence Ross,SG,31,ORL,33,9,23.0,3.1,7.6,.412,1.4,4.0,.344,1.8,3.6,.487,.502,0.4,0.5,.706,0.3,1.7,2.0,1.3,0.6,0.2,1.0,1.4,8.0,rosste01
391,Terry Rozier,PG,28,CHO,26,26,35.9,7.5,19.3,.390,2.4,7.7,.308,5.2,11.6,.444,.451,2.5,3.0,.831,1.1,3.3,4.4,5.5,0.7,0.2,2.6,2.0,19.9,roziete01
392,D'Angelo Russell,PG,26,MIN,34,34,32.8,6.1,13.3,.457,2.3,6.5,.351,3.8,6.7,.559,.543,2.4,2.8,.833,0.5,2.8,3.3,6.5,1.1,0.5,2.8,2.1,16.8,russeda01
393,Matt Ryan,SF,25,TOT,20,0,8.9,1.1,3.4,.313,0.9,2.5,.367,0.2,0.9,.167,.448,0.3,0.4,.857,0.2,0.9,1.1,0.4,0.2,0.0,0.2,0.8,3.3,ryanma01
393,Matt Ryan,SF,25,LAL,12,0,10.8,1.3,4.1,.306,1.1,2.9,.371,0.2,1.2,.143,.439,0.3,0.4,.800,0.2,1.0,1.2,0.3,0.2,0.0,0.3,1.2,3.9,ryanma01
393,Matt Ryan,SF,25,MIN,8,0,6.1,0.8,2.3,.333,0.6,1.8,.357,0.1,0.5,.250,.472,0.3,0.3,1.000,0.3,0.6,0.9,0.5,0.1,0.0,0.1,0.3,2.4,ryanma01
394,Domantas Sabonis,PF,26,SAC,33,33,33.8,6.8,10.9,.628,0.5,1.2,.450,6.3,9.7,.650,.653,4.4,5.9,.740,2.9,9.4,12.3,6.7,0.8,0.5,2.6,3.6,18.6,sabondo01
395,Dario Šarić,PF,28,PHO,19,3,10.6,1.3,3.6,.348,0.5,1.6,.333,0.7,2.1,.359,.420,0.6,0.7,.857,0.8,1.9,2.8,0.9,0.2,0.1,0.6,1.3,3.7,saricda01
396,Jordan Schakel,SF,24,WAS,2,0,3.0,0.5,1.0,.500,0.5,0.5,1.000,0.0,0.5,.000,.750,0.0,0.0,,0.0,0.0,0.0,0.5,0.5,0.0,0.0,0.5,1.5,schakjo01
397,Admiral Schofield,PF,25,ORL,24,0,13.1,1.7,3.7,.466,0.8,2.2,.340,1.0,1.5,.657,.568,0.6,0.7,.882,0.8,1.3,2.0,0.8,0.3,0.1,0.2,2.0,4.8,schofad01
398,Dennis Schröder,PG,29,LAL,22,19,27.4,3.7,8.5,.441,1.0,3.1,.338,2.7,5.4,.500,.503,2.1,2.3,.902,0.2,2.0,2.1,3.9,0.5,0.0,1.8,2.2,10.6,schrode01
399,Dereon Seabron,SG,22,NOP,2,0,1.5,0.0,0.0,,0.0,0.0,,0.0,0.0,,,0.0,0.0,,0.0,0.0,0.0,0.0,0.0,0.0,0.0,0.0,0.0,seabrde01
400,Alperen Şengün,C,20,HOU,32,29,26.4,5.6,10.1,.551,0.2,0.8,.200,5.4,9.3,.581,.559,3.0,3.8,.795,3.3,5.4,8.7,2.5,0.7,0.9,2.1,3.3,14.3,sengual01
401,Collin Sexton,SG,24,UTA,31,10,24.1,4.8,9.8,.492,0.9,2.5,.372,3.9,7.3,.533,.540,3.6,4.3,.841,0.8,1.4,2.2,2.9,0.6,0.1,1.7,2.3,14.1,sextoco01
402,Landry Shamet,SG,25,PHO,25,2,19.5,3.0,7.6,.402,2.1,5.4,.388,1.0,2.2,.436,.540,1.2,1.4,.912,0.3,1.0,1.3,2.0,0.6,0.2,0.9,1.4,9.4,shamela01
403,Day'Ron Sharpe,C,21,BRK,18,1,8.6,1.3,2.6,.522,0.2,0.2,.750,1.2,2.3,.500,.554,0.7,0.9,.706,1.3,1.9,3.2,0.6,0.2,0.6,0.7,1.7,3.5,sharpda01
404,Shaedon Sharpe,SG,19,POR,34,5,19.4,3.1,6.7,.469,0.9,2.5,.341,2.3,4.2,.545,.533,0.5,0.8,.630,0.8,1.6,2.5,0.4,0.3,0.2,0.6,1.4,7.6,sharpsh01
405,Pascal Siakam,C,28,TOR,26,26,37.0,9.3,19.2,.484,1.4,4.1,.336,7.9,15.0,.524,.520,6.6,8.5,.777,1.8,6.5,8.3,6.7,1.0,0.5,2.4,3.3,26.5,siakapa01
406,Ben Simmons,PG,26,BRK,25,20,27.4,3.8,6.3,.605,0.0,0.0,.000,3.8,6.2,.609,.605,0.7,1.6,.439,1.1,5.6,6.8,6.0,1.4,0.5,2.2,3.5,8.3,simmobe01
407,Marko Simonovic,C,23,CHI,1,0,2.0,0.0,1.0,.000,0.0,1.0,.000,0.0,0.0,,.000,0.0,0.0,,0.0,0.0,0.0,0.0,0.0,0.0,0.0,0.0,0.0,simonma01
408,Anfernee Simons,SG,23,POR,33,33,35.9,7.9,18.2,.437,3.9,10.2,.382,4.1,8.0,.506,.543,2.6,2.9,.897,0.3,2.7,3.0,4.0,0.8,0.2,2.2,2.5,22.4,simonan01
409,Jericho Sims,C,24,NYK,28,2,12.5,1.7,2.2,.787,0.0,0.0,,1.7,2.2,.787,.787,0.3,0.4,.800,1.9,2.4,4.3,0.3,0.2,0.6,0.4,1.7,3.7,simsje01
410,Marcus Smart,PG,28,BOS,32,32,33.2,4.1,9.5,.433,1.8,5.3,.345,2.3,4.2,.545,.530,1.4,1.8,.772,0.6,2.7,3.3,7.4,1.4,0.4,2.3,2.8,11.5,smartma01
411,Dennis Smith Jr.,PG,25,CHO,15,11,27.9,4.1,8.9,.463,0.7,2.0,.333,3.5,6.9,.500,.500,0.4,0.8,.500,0.6,2.7,3.3,5.7,1.8,0.7,1.5,2.3,9.3,smithde03
412,Dru Smith,SG,25,MIA,5,1,13.4,1.0,2.8,.357,0.2,1.2,.167,0.8,1.6,.500,.393,0.0,0.0,,0.2,1.6,1.8,1.0,0.8,0.6,0.2,2.0,2.2,smithdr01
413,Ish Smith,PG,34,DEN,15,0,9.6,1.3,3.3,.400,0.1,0.4,.333,1.2,2.9,.409,.420,0.1,0.1,.500,0.1,0.9,1.0,2.0,0.3,0.4,1.0,0.7,2.9,smithis01
414,Jabari Smith Jr.,PF,19,HOU,34,34,30.2,4.3,11.1,.388,1.9,5.8,.330,2.4,5.3,.453,.475,1.7,2.0,.838,1.3,5.8,7.1,0.9,0.5,1.0,1.4,3.1,12.2,smithja05
415,Jalen Smith,PF,22,IND,35,27,20.8,3.7,8.3,.448,1.0,3.6,.276,2.7,4.7,.583,.509,1.6,2.0,.775,1.7,4.5,6.2,1.0,0.3,1.0,1.2,2.2,10.0,smithja04
416,Jeremy Sochan,PF,19,SAS,29,26,24.9,3.7,8.0,.461,0.4,2.0,.186,3.3,6.0,.555,.485,0.9,1.6,.578,1.6,3.1,4.7,2.4,0.8,0.6,1.5,2.7,8.7,sochaje01
417,Jaden Springer,PG,20,PHI,4,0,2.8,0.5,1.3,.400,0.0,0.0,,0.5,1.3,.400,.400,0.3,0.5,.500,0.3,0.5,0.8,0.0,0.0,0.5,0.3,0.5,1.3,sprinja01
418,Lamar Stevens,PF,25,CLE,20,16,23.2,2.7,6.2,.431,0.7,2.1,.333,2.0,4.1,.481,.488,0.9,1.3,.654,0.8,3.3,4.1,0.7,0.5,0.4,0.7,1.4,6.9,stevela01
419,Isaiah Stewart,C,21,DET,31,31,28.3,4.0,8.7,.463,1.6,4.3,.368,2.5,4.4,.555,.554,2.2,2.9,.747,2.1,5.8,7.9,1.2,0.4,0.7,1.3,2.7,11.8,stewais01
420,Max Strus,SF,26,MIA,34,19,30.6,4.7,11.7,.403,2.7,8.1,.335,2.0,3.6,.557,.519,0.9,1.1,.821,0.5,2.9,3.4,1.8,0.7,0.2,0.9,2.1,13.1,strusma01
421,Jalen Suggs,PG,21,ORL,14,13,28.9,4.6,11.1,.419,1.4,4.9,.294,3.2,6.2,.517,.484,1.6,2.5,.657,1.1,2.2,3.3,5.4,1.6,0.6,3.4,3.1,12.4,suggsja01
422,Edmond Sumner,SG,27,BRK,30,9,14.9,2.4,5.4,.447,0.5,1.9,.286,1.9,3.5,.533,.497,1.7,1.9,.929,0.3,1.1,1.5,1.5,0.9,0.2,1.0,1.6,7.1,sumneed01
423,Cole Swider,SF,23,LAL,1,0,2.0,0.0,1.0,.000,0.0,1.0,.000,0.0,0.0,,.000,0.0,0.0,,0.0,1.0,1.0,1.0,0.0,0.0,0.0,0.0,0.0,swideco01
424,Jae'Sean Tate,SF,27,HOU,3,2,22.7,3.3,6.7,.500,0.7,1.7,.400,2.7,5.0,.533,.550,1.0,1.3,.750,2.7,1.7,4.3,3.3,1.0,0.0,1.7,5.0,8.3,tateja01
425,Jayson Tatum,PF,24,BOS,34,34,36.9,10.2,21.6,.473,3.3,9.4,.354,6.9,12.2,.565,.550,7.3,8.5,.858,1.1,7.0,8.1,4.0,1.1,0.9,2.6,2.1,31.0,tatumja01
426,Terry Taylor,SG,23,IND,18,2,7.7,0.7,1.9,.382,0.1,0.6,.200,0.6,1.3,.458,.412,0.2,0.3,.800,0.6,0.7,1.3,0.3,0.1,0.2,0.2,0.7,1.8,taylote01
427,Garrett Temple,SG,36,NOP,12,0,8.1,0.8,2.2,.385,0.5,1.3,.375,0.3,0.8,.400,.500,0.3,0.3,.750,0.2,0.6,0.8,0.4,0.7,0.1,0.3,0.8,2.4,templga01
428,Dalen Terry,SG,20,CHI,14,0,3.7,0.3,0.9,.308,0.1,0.3,.250,0.2,0.6,.333,.346,0.2,0.3,.750,0.0,0.3,0.3,0.5,0.1,0.1,0.3,0.3,0.9,terryda01
429,Cam Thomas,SG,21,BRK,25,0,14.1,2.1,5.3,.402,0.4,1.2,.367,1.7,4.1,.412,.443,1.9,2.4,.783,0.1,1.2,1.3,1.4,0.4,0.1,0.8,0.9,6.6,thomaca02
430,Klay Thompson,SG,32,GSW,29,29,31.6,6.9,17.1,.402,3.8,10.0,.379,3.1,7.1,.434,.513,1.6,1.8,.885,0.6,3.2,3.8,2.5,0.7,0.4,1.7,1.9,19.1,thompkl01
431,JT Thor,PF,20,CHO,23,0,10.2,0.8,2.5,.333,0.2,1.3,.172,0.6,1.2,.500,.377,0.5,0.7,.733,0.5,1.2,1.7,0.5,0.3,0.3,0.6,0.7,2.3,thorjt01
432,Matisse Thybulle,SG,25,PHI,30,5,11.2,0.9,2.1,.406,0.4,1.2,.306,0.5,0.9,.536,.492,0.1,0.2,.500,0.3,0.9,1.2,0.4,0.7,0.3,0.2,1.2,2.2,thybuma01
433,Xavier Tillman Sr.,PF,24,MEM,18,0,9.8,1.7,2.7,.646,0.2,0.4,.429,1.6,2.3,.683,.677,0.3,0.9,.375,1.1,1.2,2.3,0.4,0.3,0.4,0.4,0.9,3.9,tillmxa01
434,Isaiah Todd,PF,21,WAS,4,0,3.3,0.3,1.0,.250,0.0,0.8,.000,0.3,0.3,1.000,.250,0.0,0.0,,0.0,0.0,0.0,0.0,0.0,0.0,0.0,0.0,0.5,toddis01
435,Obi Toppin,PF,24,NYK,25,0,17.1,2.9,6.8,.421,1.4,3.9,.351,1.5,3.0,.514,.520,0.6,0.7,.824,0.6,3.2,3.8,1.0,0.4,0.2,0.8,1.1,7.7,toppiob01
436,Juan Toscano-Anderson,SF,29,LAL,16,1,10.9,0.9,2.0,.469,0.2,0.8,.250,0.8,1.3,.600,.516,0.3,0.4,.714,0.3,1.9,2.2,0.7,0.3,0.2,0.6,1.4,2.4,toscaju01
437,Karl-Anthony Towns,PF,27,MIN,21,21,33.8,7.3,14.4,.505,1.8,5.6,.325,5.5,8.9,.618,.568,4.4,5.0,.885,1.7,6.5,8.2,5.3,0.8,0.7,3.1,3.9,20.8,townska01
438,Gary Trent Jr.,SG,24,TOR,29,19,31.2,6.1,13.8,.441,2.4,6.8,.357,3.7,7.1,.522,.529,2.8,3.6,.796,0.4,1.7,2.1,1.4,1.6,0.2,1.1,1.6,17.4,trentga02
439,P.J. Tucker,PF,37,PHI,34,34,28.1,1.3,3.0,.426,0.6,1.7,.386,0.6,1.3,.477,.535,0.3,0.4,.833,1.3,3.0,4.3,0.9,0.6,0.3,0.9,2.6,3.5,tuckepj01
440,Myles Turner,C,26,IND,30,30,29.3,5.7,10.5,.543,1.6,3.8,.409,4.1,6.7,.620,.617,3.2,4.2,.760,1.4,6.6,8.0,1.5,0.6,2.2,1.6,3.4,16.1,turnemy01
441,Jonas Valančiūnas,C,30,NOP,35,35,24.3,5.3,10.3,.518,0.6,1.9,.338,4.7,8.5,.557,.548,2.4,2.8,.848,2.9,6.5,9.4,1.8,0.4,0.4,1.9,2.9,13.7,valanjo01
442,Jarred Vanderbilt,PF,23,UTA,36,34,25.0,3.4,6.0,.571,0.4,1.1,.375,3.0,4.9,.616,.606,1.0,1.5,.673,2.5,5.6,8.0,2.9,1.2,0.3,1.5,2.7,8.3,vandeja01
443,Fred VanVleet,PG,28,TOR,28,28,36.7,5.9,15.5,.382,2.8,8.4,.331,3.1,7.1,.442,.471,3.8,4.4,.877,0.5,3.4,3.9,6.1,1.6,0.5,1.9,2.7,18.5,vanvlfr01
444,Devin Vassell,SG,22,SAS,28,23,31.5,7.2,16.1,.447,2.8,7.0,.403,4.4,9.1,.480,.534,2.4,3.0,.800,0.2,3.8,4.0,3.6,1.3,0.4,1.6,1.5,19.6,vassede01
445,Gabe Vincent,PG,26,MIA,22,1,24.4,3.2,8.2,.394,1.4,4.7,.298,1.8,3.5,.526,.481,1.0,1.1,.840,0.4,1.6,2.0,2.7,0.8,0.1,1.4,2.5,8.8,vincega01
446,Noah Vonleh,C,27,BOS,21,1,7.8,0.5,1.1,.458,0.0,0.2,.250,0.5,1.0,.500,.479,0.1,0.1,1.000,0.8,1.4,2.2,0.3,0.1,0.4,0.5,1.6,1.2,vonleno01
447,Nikola Vučević,C,32,CHI,35,35,32.7,6.7,13.2,.508,1.7,4.6,.375,5.0,8.6,.578,.573,1.7,1.9,.853,2.0,8.3,10.3,3.0,0.6,0.9,1.9,2.1,16.7,vucevni01
448,Dean Wade,PF,26,CLE,17,9,24.1,2.2,4.9,.452,1.4,3.3,.411,0.9,1.6,.536,.589,0.5,0.8,.692,0.6,3.5,4.1,1.0,0.7,0.4,0.4,2.5,6.4,wadede01
449,Franz Wagner,SF,21,ORL,37,37,33.3,7.2,15.0,.480,1.5,4.4,.344,5.7,10.6,.537,.531,3.9,4.5,.874,0.9,3.1,4.0,3.5,0.8,0.2,2.2,2.3,19.9,wagnefr01
450,Moritz Wagner,C,25,ORL,18,14,25.4,4.2,8.6,.494,1.0,3.4,.295,3.2,5.2,.624,.552,3.0,3.3,.900,1.9,4.7,6.6,2.2,0.9,0.3,1.6,3.1,12.4,wagnemo01
451,Ish Wainright,SF,28,PHO,20,1,14.2,1.2,3.1,.387,0.9,2.3,.391,0.3,0.8,.375,.532,0.2,0.4,.571,1.2,1.1,2.2,0.9,0.7,0.3,0.3,2.0,3.5,wainris01
452,Jabari Walker,SF,20,POR,19,0,7.6,0.7,1.9,.361,0.2,0.6,.273,0.5,1.3,.400,.403,0.2,0.3,.667,0.7,1.3,2.0,0.5,0.1,0.2,0.3,0.9,1.7,walkeja01
453,Kemba Walker,PG,32,DAL,7,1,19.6,3.1,7.7,.407,1.0,3.9,.259,2.1,3.9,.556,.472,2.4,3.0,.810,0.4,1.9,2.3,2.7,0.0,0.3,0.6,1.4,9.7,walkeke02
454,Lonnie Walker IV,SG,24,LAL,32,32,29.8,5.3,11.7,.455,2.1,5.4,.384,3.3,6.3,.515,.543,2.0,2.3,.875,0.3,2.0,2.3,1.4,0.8,0.3,1.0,1.7,14.7,walkelo01
455,John Wall,PG,32,LAC,28,3,22.3,4.2,10.2,.413,1.0,3.5,.299,3.2,6.8,.471,.463,2.4,3.6,.673,0.5,2.2,2.7,5.4,0.8,0.3,2.4,1.6,11.9,walljo01
456,T.J. Warren,SF,29,BRK,11,0,18.9,4.1,7.6,.536,0.6,1.7,.368,3.5,5.9,.585,.577,0.7,0.8,.889,1.0,2.3,3.3,1.7,0.7,0.3,0.5,1.7,9.5,warretj01
457,Duane Washington Jr.,SG,22,PHO,20,0,11.1,2.9,7.2,.399,1.1,3.3,.333,1.8,3.9,.455,.476,0.2,0.5,.444,0.1,1.1,1.1,1.6,0.2,0.1,0.8,0.6,7.0,washidu02
458,P.J. Washington,PF,24,CHO,35,35,31.8,5.6,13.2,.426,1.9,5.5,.342,3.7,7.7,.487,.498,2.0,2.5,.793,1.1,3.8,4.9,2.3,0.8,1.1,1.6,2.6,15.1,washipj01
459,TyTy Washington Jr.,PG,21,HOU,9,0,10.4,1.7,4.3,.385,0.3,1.9,.176,1.3,2.4,.545,.423,0.2,0.4,.500,0.1,1.3,1.4,1.6,0.4,0.0,0.1,0.8,3.9,washity02
460,Yuta Watanabe,SF,28,BRK,22,0,19.5,2.9,5.2,.557,1.5,3.0,.523,1.4,2.3,.600,.704,0.5,0.7,.733,0.7,2.2,2.9,1.0,0.4,0.5,0.4,1.6,7.9,watanyu01
461,Lindy Waters III,SG,25,OKC,10,0,12.5,1.2,3.3,.364,1.1,3.1,.355,0.1,0.2,.500,.530,0.1,0.1,1.000,0.3,1.2,1.5,0.7,0.4,0.0,0.3,1.0,3.6,waterli01
462,Trendon Watford,PF,22,POR,26,2,17.3,2.0,3.5,.567,0.3,0.8,.381,1.7,2.7,.623,.611,1.3,1.7,.767,0.7,3.3,4.0,1.7,0.5,0.1,0.9,1.8,5.5,watfotr01
463,Peyton Watson,SG,20,DEN,6,0,2.5,0.5,1.5,.333,0.0,0.2,.000,0.5,1.3,.375,.333,0.0,0.0,,0.3,0.2,0.5,0.0,0.0,0.0,0.0,0.2,1.0,watsope01
464,Blake Wesley,SG,19,SAS,2,0,11.5,3.0,4.5,.667,1.0,1.5,.667,2.0,3.0,.667,.778,1.0,2.0,.500,0.5,0.5,1.0,2.0,0.0,0.0,1.0,1.5,8.0,weslebl01
465,Russell Westbrook,PG,34,LAL,33,3,28.1,5.4,13.2,.410,1.1,3.9,.279,4.3,9.3,.464,.451,2.7,4.0,.679,1.2,5.2,6.3,7.8,1.0,0.5,3.5,2.3,14.6,westbru01
466,Coby White,PG,22,CHI,27,0,20.1,2.7,6.6,.416,1.6,4.4,.350,1.2,2.1,.552,.534,0.8,1.0,.786,0.1,2.1,2.3,1.8,0.6,0.1,0.9,1.7,7.9,whiteco01
467,Derrick White,SG,28,BOS,36,29,26.4,3.4,7.5,.448,1.5,4.0,.375,1.9,3.5,.532,.548,1.8,2.0,.863,0.6,2.5,3.1,3.1,0.8,0.8,1.0,2.4,10.0,whitede01
468,Jack White,SF,25,DEN,8,0,3.3,0.1,0.8,.167,0.0,0.3,.000,0.1,0.5,.250,.167,0.0,0.0,,0.3,0.4,0.6,0.0,0.1,0.3,0.0,0.5,0.3,whiteja03
469,Aaron Wiggins,SG,24,OKC,27,6,18.9,2.3,5.0,.470,0.7,1.8,.375,1.7,3.2,.523,.537,1.0,1.3,.794,1.0,2.6,3.7,1.4,0.6,0.1,0.9,1.6,6.3,wiggiaa01
470,Andrew Wiggins,SF,27,GSW,22,22,32.8,7.4,14.5,.511,3.0,6.8,.450,4.4,7.7,.565,.616,1.2,2.0,.628,1.5,3.6,5.1,2.2,1.4,0.8,1.4,2.9,19.1,wiggian01
471,Alondes Williams,SG,23,BRK,1,0,5.0,0.0,0.0,,0.0,0.0,,0.0,0.0,,,0.0,0.0,,0.0,1.0,1.0,0.0,0.0,0.0,2.0,1.0,0.0,willial06
472,Grant Williams,PF,24,BOS,35,14,27.8,3.1,6.0,.517,1.7,3.7,.443,1.5,2.3,.638,.654,1.1,1.4,.833,1.1,3.7,4.7,1.7,0.8,0.3,0.9,2.5,9.0,willigr01
473,Jalen Williams,SG,21,OKC,31,18,27.4,4.5,8.8,.511,0.7,2.5,.282,3.8,6.3,.603,.551,1.5,2.1,.750,0.7,2.9,3.7,2.7,0.6,0.4,1.6,2.5,11.2,willija06
474,Jaylin Williams,PF,20,OKC,8,1,10.6,1.0,2.9,.348,0.1,0.8,.167,0.9,2.1,.412,.370,0.5,0.8,.667,1.0,2.3,3.3,1.0,0.4,0.1,0.5,1.9,2.6,willija07
475,Kenrich Williams,PF,28,OKC,27,3,21.3,3.0,5.6,.530,0.7,2.0,.377,2.2,3.6,.612,.596,0.4,0.8,.455,1.7,2.5,4.2,1.5,0.7,0.1,0.4,2.0,7.0,willike04
476,Mark Williams,C,21,CHO,6,0,11.3,2.8,3.8,.739,0.0,0.0,,2.8,3.8,.739,.739,1.5,2.0,.750,1.5,3.3,4.8,0.7,0.8,0.7,0.7,1.8,7.2,willima07
477,Patrick Williams,PF,21,CHI,35,34,28.6,3.6,7.9,.453,1.3,3.3,.409,2.3,4.7,.485,.538,0.9,1.0,.914,1.0,3.1,4.1,1.3,0.6,1.0,1.4,2.0,9.5,willipa01
478,Robert Williams,C,25,BOS,6,0,18.8,3.5,4.3,.808,0.0,0.0,,3.5,4.3,.808,.808,1.3,1.7,.800,3.5,4.0,7.5,1.2,0.5,1.2,1.0,1.8,8.3,williro04
479,Vince Williams Jr.,SG,22,MEM,6,0,6.7,0.5,1.8,.273,0.2,1.3,.125,0.3,0.5,.667,.318,0.0,0.0,,0.2,0.7,0.8,0.3,0.7,0.2,0.0,0.8,1.2,willivi01
480,Ziaire Williams,SF,21,MEM,10,0,17.1,2.0,5.4,.370,0.4,2.7,.148,1.6,2.7,.593,.407,0.2,0.2,1.000,0.2,2.9,3.1,1.4,0.5,0.2,1.3,2.0,4.6,willizi02
481,Zion Williamson,PF,22,NOP,27,27,33.3,10.0,16.3,.610,0.3,0.7,.368,9.7,15.6,.621,.618,6.0,8.5,.709,2.0,4.9,6.9,4.6,1.2,0.6,3.1,2.3,26.2,willizi01
482,Justise Winslow,SF,26,POR,29,11,26.8,2.8,6.8,.409,0.5,1.6,.311,2.3,5.3,.438,.444,0.7,1.0,.714,1.7,3.3,5.0,3.4,1.0,0.4,1.5,3.1,6.8,winslju01
483,James Wiseman,C,21,GSW,19,0,12.7,2.8,4.6,.609,0.1,0.1,.500,2.7,4.5,.612,.615,1.2,1.8,.657,0.9,2.7,3.6,0.7,0.1,0.4,0.7,1.9,6.8,wisemja01
484,Christian Wood,PF,27,DAL,33,8,27.8,6.5,12.0,.538,1.7,4.4,.393,4.7,7.6,.622,.610,2.8,4.0,.707,1.2,6.8,8.0,1.5,0.5,1.0,2.2,2.8,17.5,woodch01
485,Delon Wright,PG,30,WAS,8,0,19.5,1.8,4.6,.378,0.6,2.4,.263,1.1,2.3,.500,.446,1.0,1.4,.727,0.6,1.4,2.0,3.8,2.3,0.5,0.8,1.1,5.1,wrighde01
486,McKinley Wright IV,PG,24,DAL,6,0,10.0,0.8,1.8,.455,0.0,0.3,.000,0.8,1.5,.556,.455,0.0,0.3,.000,0.7,0.8,1.5,1.5,0.8,0.2,0.8,1.3,1.7,wrighmc01
487,Thaddeus Young,PF,34,TOR,32,9,17.4,2.3,4.2,.545,0.1,0.7,.182,2.2,3.5,.616,.560,0.4,0.6,.737,1.7,2.0,3.7,1.7,1.1,0.1,0.8,1.9,5.1,youngth01
488,Trae Young,PG,24,ATL,32,32,35.6,8.7,21.0,.415,2.2,7.2,.310,6.5,13.8,.470,.468,7.7,8.7,.892,0.8,2.1,2.8,9.9,0.8,0.2,3.8,1.5,27.4,youngtr01
489,Ivica Zubac,C,25,LAC,35,35,29.9,4.0,6.5,.624,0.0,0.0,.000,4.0,6.4,.627,.624,2.3,3.3,.675,3.5,7.5,11.0,1.1,0.4,1.5,2.1,3.1,10.3,zubaciv01